gsis_id,Player Name,pfr_id,sleeper_id
00-0019596,Tom Brady,BradTo00,167.0
00-0020531,Drew Brees,BreeDr00,289.0
00-0021206,Josh McCown,McCoJo01,208.0
00-0021547,Antonio Gates,GateAn00,322.0
00-0022127,Jason Witten,WittJa00,23.0
00-0022787,Matt Schaub,SchaMa00,178.0
00-0022803,Eli Manning,MannEl00,188.0
00-0022921,Larry Fitzgerald,FitzLa00,223.0
00-0022924,Ben Roethlisberger,RoetBe00,138.0
00-0022942,Philip Rivers,RivePh00,331.0
00-0022943,Benjamin Watson,WatsBe00,663.0
00-0023436,Alex Smith,SmitAl03,268.0
00-0023459,Aaron Rodgers,RodgAa00,96.0
00-0023500,Frank Gore,GoreFr00,232.0
00-0023564,Darren Sproles,SproDa00,246.0
00-0023645,Derek Anderson,AndeDe00,691.0
00-0023662,Matt Cassel,CassMa00,389.0
00-0023682,Ryan Fitzpatrick,FitzRy00,333.0
00-0024221,Vernon Davis,DaviVe00,200.0
00-0024243,Marcedes Lewis,LewiMa00,111.0
00-0024334,Brandon Marshall,MarsBr00,648.0
00-0024389,Delanie Walker,WalkHu00,284.0
00-0025394,Adrian Peterson,PeteAd01,184.0
00-0025396,Ted Ginn,GinnTe00,695.0
00-0025399,Marshawn Lynch,LyncMa00,745.0
00-0025418,Greg Olsen,OlseGr00,58.0
00-0025430,Drew Stanton,StanDr00,181.0
00-0025708,Matt Moore,MoorMa01,233.0
00-0026035,Danny Amendola,AmenDa00,491.0
00-0026143,Matt Ryan,RyanMa00,24.0
00-0026153,Jonathan Stewart,StewJo00,218.0
00-0026158,Joe Flacco,FlacJo00,19.0
00-0026176,Jordy Nelson,NelsJo00,175.0
00-0026189,DeSean Jackson,JackDe00,147.0
00-0026197,Chad Henne,HennCh01,89.0
00-0026213,Jamaal Charles,CharJa00,323.0
00-0026293,Matthew Slater,SlatMa00,312.0
00-0026300,Josh Johnson,JohnJo05,260.0
00-0026345,Pierre Garcon,GarcPi00,269.0
00-0026498,Matthew Stafford,StafMa00,421.0
00-0026544,Chase Daniel,DaniCh00,490.0
00-0026625,Brian Hoyer,HoyeBr00,345.0
00-0026898,Mark Sanchez,SancMa00,350.0
00-0026901,Mike Wallace,WallMi00,365.0
00-0026983,Darrius Heyward-Bey,HeywDa00,394.0
00-0026986,Michael Crabtree,CrabMi00,455.0
00-0027006,Kenny Britt,BritKe00,366.0
00-0027029,LeSean McCoy,McCoLe01,676.0
00-0027057,Brandon Tate,TateBr00,346.0
00-0027061,Jared Cook,CookJa02,367.0
00-0027125,Zach Miller,MillZa02,749.0
00-0027139,John Phillips,PhilJo00,406.0
00-0027150,Julian Edelman,EdelJu00,344.0
00-0027215,Logan Paulsen,PaulLo00,587.0
00-0027325,LeGarrette Blount,BlouLe00,730.0
00-0027531,Chris Ivory,IvorCh00,717.0
00-0027656,Rob Gronkowski,GronRo00,515.0
00-0027675,Ed Dickson,DickEd00,701.0
00-0027681,Brandon LaFell,LaFeBr00,613.0
00-0027685,Emmanuel Sanders,SandEm00,538.0
00-0027688,Colt McCoy,McCoCo00,533.0
00-0027690,Eric Decker,DeckEr00,558.0
00-0027691,Andre Roberts,RobeAn00,627.0
00-0027696,Jimmy Graham,GrahJi00,616.0
00-0027732,Michael Hoomanawanui,HoomMi00,622.0
00-0027793,Antonio Brown,BrowAn04,536.0
00-0027796,Joe Webb,WebbJo00,606.0
00-0027854,Sam Bradford,BradSa00,621.0
00-0027873,Jermaine Gresham,GresJe00,530.0
00-0027874,Demaryius Thomas,ThomDe03,560.0
00-0027891,Golden Tate,TateGo00,642.0
00-0027902,Dez Bryant,BryaDe01,574.0
00-0027925,James Develin,DeveJa00,1303.0
00-0027939,Cam Newton,NewtCa00,954.0
00-0027942,A.J. Green,GreeA.00,830.0
00-0027944,Julio Jones,JoneJu02,947.0
00-0027948,Blaine Gabbert,GabbBl00,862.0
00-0027966,Mark Ingram,IngrMa01,956.0
00-0027973,Andy Dalton,DaltAn00,829.0
00-0027981,Kyle Rudolph,RudoKy00,943.0
00-0027985,Lance Kendricks,KendLa00,964.0
00-0027994,Shane Vereen,VereSh00,814.0
00-0027996,Torrey Smith,SmitTo02,826.0
00-0027997,Greg Little,LittGr00,835.0
00-0028002,Randall Cobb,CobbRa00,928.0
00-0028011,Stevan Ridley,RidlSt00,811.0
00-0028042,Luke Stocker,StocLu00,963.0
00-0028063,Taiwan Jones,JoneTa00,886.0
00-0028064,Bilal Powell,PoweBi00,818.0
00-0028074,Anthony Sherman,SherAn00,973.0
00-0028083,Jacquizz Rodgers,RodgJa00,949.0
00-0028087,Dion Lewis,LewiDi00,788.0
00-0028091,Jeremy Kerley,KerlJe00,817.0
00-0028093,Niles Paul,PaulNi00,918.0
00-0028097,Lee Smith,SmitLe00,812.0
00-0028112,Charles Clay,ClayCh00,801.0
00-0028114,Dwayne Harris,HarrDw00,902.0
00-0028116,Aldrick Robinson,RobiAl00,919.0
00-0028118,Tyrod Taylor,TaylTy00,827.0
00-0028142,Virgil Green,GreeVi00,868.0
00-0028149,Bruce Miller,MillBr02,982.0
00-0028237,Chris Hogan,HogaCh00,1329.0
00-0028263,Andre Holmes,HolmAn00,940.0
00-0028292,Nick Bellore,BellNi01,815.0
00-0028411,Dontrelle Inman,InmaDo00,2291.0
00-0028434,Doug Baldwin,BaldDo00,988.0
00-0028497,Kamar Aiken,AikeKa00,794.0
00-0028581,Patrick DiMarco,DiMaPa00,1305.0
00-0028825,Terrelle Pryor,PryoTe00,1020.0
00-0028903,Garrett Celek,CeleGa00,1223.0
00-0028957,Austin Davis,DaviAu00,1200.0
00-0028986,Case Keenum,KeenCa00,1737.0
00-0028987,Phillip Supernaw,SupePh00,
00-0029000,Cole Beasley,BeasCo00,1144.0
00-0029033,Griff Whalen,WhalGr00,
00-0029068,Derrick Coleman,ColeDe00,1716.0
00-0029091,Bradley Sowell,SoweBr00,1269.0
00-0029119,Derek Carrier,CarrDe00,1718.0
00-0029129,Rod Streater,StreRo00,1138.0
00-0029137,Alshon Jeffery,JeffAl00,1149.0
00-0029141,Alfred Morris,MorrAl00,1170.0
00-0029151,Matt Simms,SimmMa00,1807.0
00-0029159,Jermaine Kearse,KearJe01,1290.0
00-0029205,Travaris Cadet,CadeTr00,1185.0
00-0029239,Brandon Bolden,BoldBr00,1034.0
00-0029263,Russell Wilson,WilsRu00,1234.0
00-0029269,Travis Benjamin,BenjTr00,1077.0
00-0029273,Robert Turbin,TurbRo00,1232.0
00-0029293,Marvin Jones,JoneMa02,1067.0
00-0029319,Josh Bellamy,BellJo02,1312.0
00-0029336,Brittan Golden,GoldBr00,1743.0
00-0029388,Deonte Thompson,ThomDe04,1061.0
00-0029391,Sean McGrath,McGrSe00,1323.0
00-0029414,Orson Charles,CharOr00,1065.0
00-0029492,Jamize Olawale,OlawJa00,1308.0
00-0029567,Nick Foles,FoleNi00,1029.0
00-0029572,Jarius Wright,WrigJa02,1215.0
00-0029580,Rishard Matthews,MattRi00,1046.0
00-0029587,Rhett Ellison,ElliRh00,1211.0
00-0029604,Kirk Cousins,CousKi00,1166.0
00-0029608,T.Y. Hilton,HiltT.00,1110.0
00-0029613,Doug Martin,MartDo00,1195.0
00-0029615,Lamar Miller,MillLa01,1048.0
00-0029623,Alex Tanney,TannAl00,1262.0
00-0029632,Mohamed Sanu,SanuMo00,1071.0
00-0029638,Michael Floyd,FloyMi00,1219.0
00-0029640,Brian Quick,QuicBr00,1208.0
00-0029664,Josh Gordon,GordJo02,1244.0
00-0029665,Robert Griffin III,GrifRo01,1169.0
00-0029668,Andrew Luck,LuckAn00,1111.0
00-0029673,DeVier Posey,PoseDe00,1104.0
00-0029677,Brandon Weeden,WeedBr00,1085.0
00-0029682,Brock Osweiler,OsweBr00,1126.0
00-0029689,Dwayne Allen,AlleDw00,1105.0
00-0029701,Ryan Tannehill,TannRy00,1049.0
00-0029707,Justin Blackmon,BlacJu00,1114.0
00-0029708,Kendall Wright,WrigKe01,1097.0
00-0029729,Austin Johnson,JohnAu00,1551.0
00-0029731,Fozzy Whittaker,WhitFo00,1709.0
00-0029738,Darren Fells,FellDa01,1592.0
00-0029795,Benny Cunningham,CunnBe01,1564.0
00-0029848,Nick Williams,WillNi01,1604.0
00-0029854,C.J. Anderson,AndeC.00,1451.0
00-0029857,Ryan Griffin,GrifRy00,1550.0
00-0029878,MarQueis Gray,GrayMa00,1636.0
00-0029892,Kyle Juszczyk,JuszKy00,1379.0
00-0029910,Timothy Wright,WrigTi01,1635.0
00-0029931,Zach Line,LineZa00,1693.0
00-0030035,Adam Thielen,ThieAd00,1689.0
00-0030061,Zach Ertz,ErtzZa00,1339.0
00-0030068,Marquise Goodwin,GoodMa00,1346.0
00-0030085,Kenny Stills,StilKe00,1555.0
00-0030089,Luke Willson,WillLu00,1603.0
00-0030091,Tavarres King,KingTa00,1456.0
00-0030107,Theo Riddick,RiddTh00,1517.0
00-0030108,Ryan Griffin,GrifRy00,1425.0
00-0030112,Tommy Bohanon,BohaTo00,1369.0
00-0030113,Charles D. Johnson,JohnCh08,1530.0
00-0030117,Kerwynn Williams,WillKe05,1441.0
00-0030147,Russell Shepard,ShepRu00,1333.0
00-0030151,Tyler Bray,BrayTy00,1612.0
00-0030155,Demetrius Harris,HarrDe03,1619.0
00-0030181,Jack Doyle,DoylJa00,1706.0
00-0030187,Rashad Ross,RossRa00,1724.0
00-0030216,Josh Hill,HillJo02,1777.0
00-0030279,Keenan Allen,AlleKe00,1479.0
00-0030280,Knile Davis,DaviKn00,1463.0
00-0030287,Andre Ellington,ElliAn00,1575.0
00-0030288,Rex Burkhead,BurkRe00,1387.0
00-0030290,Cobi Hamilton,HamiCo00,1390.0
00-0030300,Jaron Brown,BrowJa03,1684.0
00-0030400,Marlon Brown,BrowMa00,1675.0
00-0030404,Chris Thompson,ThomCh03,1502.0
00-0030414,Spencer Ware,WareSp00,1601.0
00-0030419,Matt McGloin,McGlMa01,1747.0
00-0030422,Dion Sims,SimsDi00,1357.0
00-0030431,Robert Woods,WoodRo02,1352.0
00-0030432,Christine Michael,MichCh00,1596.0
00-0030433,Mike Gillislee,GillMi00,1353.0
00-0030443,Levine Toilolo,ToilLe00,1642.0
00-0030456,Giovani Bernard,BernGi00,1386.0
00-0030460,Markus Wheaton,WheaMa00,1413.0
00-0030465,Kenjon Barner,BarnKe00,1546.0
00-0030470,Vance McDonald,McDoVa00,1587.0
00-0030472,Jordan Reed,ReedJo02,1500.0
00-0030496,Le'Veon Bell,BellLe00,1408.0
00-0030506,Travis Kelce,KelcTr00,1466.0
00-0030513,Latavius Murray,MurrLa00,1476.0
00-0030516,Brice Butler,ButlBr00,1471.0
00-0030520,Mike Glennon,GlenMi00,1559.0
00-0030521,Justin Hunter,HuntJu00,1418.0
00-0030524,Landry Jones,JoneLa02,1411.0
00-0030525,Tavon Austin,AustTa00,1567.0
00-0030526,EJ Manuel,ManuEJ00,1349.0
00-0030533,Matt Barkley,BarkMa00,1338.0
00-0030542,Terrance Williams,WillTe01,1490.0
00-0030544,Gavin Escobar,EscoGa00,1485.0
00-0030549,Tyler Eifert,EifeTy00,1388.0
00-0030564,DeAndre Hopkins,HopkDe00,1426.0
00-0030565,Geno Smith,SmitGe00,1373.0
00-0030578,Cordarrelle Patterson,PattCo00,1535.0
00-0030656,Isaiah Crowell,CrowIs00,1901.0
00-0030663,Willie Snead,SneaWi00,1911.0
00-0030668,Charcandrick West,WestCh01,2024.0
00-0030669,Albert Wilson,WilsAl02,2025.0
00-0030670,Bennie Fowler,FowlBe00,2003.0
00-0030710,Trey Burton,BurtTr01,1793.0
00-0030711,David Fluellen,FlueDa00,1794.0
00-0030737,Freddie Martino,MartFr00,2171.0
00-0030741,Roosevelt Nix,NixxRo00,2174.0
00-0030743,Bernard Reedy,ReedBe01,2175.0
00-0030780,Ryan Hewitt,HewiRy00,1891.0
00-0030801,Brandon Coleman,ColeBr00,2196.0
00-0030805,Je'Ron Hamm,HammJe00,2202.0
00-0030807,Seantavius Jones,JoneSe01,2205.0
00-0030821,Allen Hurns,HurnAl01,1984.0
00-0030825,Stephen Morris,MorrSt00,
00-0030854,Erik Swoope,SwooEr00,1975.0
00-0030874,Damien Williams,WillDa05,1833.0
00-0030968,Keith Smith,SmitKe03,2073.0
00-0030990,Josh Huff,HuffJo00,1798.0
00-0031001,Jeff Janis,JaniJe00,2140.0
00-0031023,Quincy Enunwa,EnunQu00,1854.0
00-0031025,Michael Campanaro,CampMi02,1866.0
00-0031035,Xavier Grimble,GrimXa00,2082.0
00-0031042,Jace Amaro,AmarJa00,1849.0
00-0031044,Troy Niklas,NiklTr00,2245.0
00-0031045,Carlos Hyde,HydeCa00,2257.0
00-0031051,John Brown,BrowJo02,2238.0
00-0031060,De'Anthony Thomas,ThomDe05,2023.0
00-0031062,James White,WhitJa02,1848.0
00-0031064,Tom Savage,SavaTo00,1957.0
00-0031068,Ryan Grant,GranRy01,2093.0
00-0031075,Alfred Blue,BlueAl00,1944.0
00-0031076,David Fales,FaleDa00,2106.0
00-0031085,Jay Prosch,ProsJa00,1956.0
00-0031102,Kapri Bibbs,BibbKa00,2001.0
00-0031118,Corey Brown,,2185.0
00-0031121,Marcus Lucas,LucaMa00,2191.0
00-0031140,Anthony Denham,DenhAn00,1948.0
00-0031158,George Atkinson,AtkiGe00,2026.0
00-0031166,Seth Roberts,RobeSe00,2039.0
00-0031167,Scott Simonson,SimoSc00,2040.0
00-0031189,T.J. Jones,JoneT.00,2121.0
00-0031190,Tyler Gaffney,GaffTy00,2189.0
00-0031209,Senorise Perry,PerrSe00,2114.0
00-0031228,Taylor Gabriel,GabrTa00,1903.0
00-0031235,Odell Beckham,BeckOd00,2078.0
00-0031236,Brandin Cooks,CookBr00,2197.0
00-0031237,Teddy Bridgewater,BridTe00,2152.0
00-0031257,Paul Richardson,RichPa01,2279.0
00-0031260,Logan Thomas,ThomLo00,2251.0
00-0031273,Cameron Brate,BratCa00,2214.0
00-0031277,Branden Oliver,OlivBr01,2050.0
00-0031280,Derek Carr,CarrDe02,2028.0
00-0031285,Devonta Freeman,FreeDe00,2168.0
00-0031288,AJ McCarron,McCaA.00,1895.0
00-0031291,James Wright,WrigJa03,1898.0
00-0031299,Jordan Matthews,MattJo00,1800.0
00-0031301,Jeremy Hill,HillJe01,1892.0
00-0031315,Matt Hazel,HazeMa01,1821.0
00-0031319,Diontae Spencer,SpenDi00,5828.0
00-0031325,Sammy Watkins,WatkSa00,1817.0
00-0031326,Bruce Ellington,ElliBr00,2255.0
00-0031332,Fitzgerald Toussaint,TousFi00,2282.0
00-0031339,Donte Moncrief,MoncDo00,1971.0
00-0031344,Cody Latimer,LatiCo00,2004.0
00-0031345,Jimmy Garoppolo,GaroJi00,1837.0
00-0031359,Kelvin Benjamin,BenjKe00,2182.0
00-0031373,Martavis Bryant,BryaMa00,1916.0
00-0031375,Terrance West,WestTe00,1912.0
00-0031376,Jerick McKinnon,McKiJe00,2161.0
00-0031381,Davante Adams,AdamDa01,2133.0
00-0031382,Jarvis Landry,LandJa00,1825.0
00-0031384,Richard Rodgers,RodgRi00,2146.0
00-0031387,Eric Ebron,EbroEr00,2118.0
00-0031390,Charles Sims,SimsCh00,2223.0
00-0031395,Garrett Gilbert,GilbGa01,2229.0
00-0031407,Blake Bortles,BortBl00,1979.0
00-0031408,Mike Evans,EvanMi00,2216.0
00-0031418,Austin Seferian-Jenkins,SefeAu00,2222.0
00-0031428,Allen Robinson,RobiAl02,1992.0
00-0031431,Marqise Lee,LeexMa00,1987.0
00-0031462,Jerome Cunningham,CunnJe00,2304.0
00-0031484,Chris Manhertz,ManhCh00,3048.0
00-0031503,Jameis Winston,WinsJa00,2306.0
00-0031504,Dres Anderson,AndeDr00,2587.0
00-0031511,DeAndrew White,WhitDe01,2801.0
00-0031514,Quan Bray,BrayQu00,2887.0
00-0031531,Trey Williams,WillTr03,2633.0
00-0031544,Amari Cooper,CoopAm00,2309.0
00-0031545,Kevin White,WhitKe00,2312.0
00-0031547,DeVante Parker,ParkDe01,2319.0
00-0031549,Nelson Agholor,AghoNe00,2325.0
00-0031558,Maxx Williams,WillMa04,2360.0
00-0031560,Jaelen Strong,StroJa01,2375.0
00-0031568,Bryce Petty,PettBr01,2408.0
00-0031569,Jeremy Langford,LangJe00,2411.0
00-0031570,Justin Hardy,HardJu00,2412.0
00-0031577,Javorius Allen,AlleJa01,2430.0
00-0031585,MyCole Pruitt,PruiMy00,2446.0
00-0031588,Stefon Diggs,DiggSt00,2449.0
00-0031589,Brett Hundley,HundBr00,2450.0
00-0031590,Jay Ajayi,AjayJa00,2452.0
00-0031595,Michael Burton,BurtMi00,2471.0
00-0031598,Nick Boyle,BoylNi00,2474.0
00-0031599,Cameron Artis-Payne,ArtiCa00,2477.0
00-0031609,A.J. Derby,DerbA.00,2503.0
00-0031610,Darren Waller,WallDa01,2505.0
00-0031612,Aaron Ripkowski,RipkAa00,2507.0
00-0031645,Rasheed Bailey,BailRa00,2753.0
00-0031665,Zach Zenner,ZennZa00,2560.0
00-0031684,Shane Wynn,WynnSh00,2603.0
00-0031687,Raheem Mostert,MostRa00,2749.0
00-0031690,Eric Tomlinson,TomlEr01,2755.0
00-0031697,Jordan Taylor,TaylJo01,2685.0
00-0031711,Gannon Sinclair,SincGa00,3045.0
00-0031731,Corey Grant,GranCo00,2729.0
00-0031743,Akeem Hunt,HuntAk01,2731.0
00-0031744,Matt LaCosse,LaCoMa00,2944.0
00-0031757,Lucky Whitehead,WhitLu00,2789.0
00-0031763,DeAndre Carter,CartDe02,2750.0
00-0031768,Terrence Magee,MageTe00,2556.0
00-0031782,Eli Rogers,RogeEl00,2980.0
00-0031787,Jake Kumerow,KumeJa00,2821.0
00-0031788,Matt Lengel,LengMa00,3036.0
00-0031793,Terrell Watson,WatsTe00,2598.0
00-0031800,Taylor Heinicke,HeinTa00,2711.0
00-0031801,Jordan Leslie,LeslJo00,3063.0
00-0031806,Malcolm Brown,BrowMa03,2588.0
00-0031818,Bradley Marquez,MarqBr00,2803.0
00-0031864,Wes Saxton,SaxtWe01,2596.0
00-0031868,Damiere Byrd,ByrdDa00,2673.0
00-0031884,Gabe Holmes,HolmGa00,2714.0
00-0031897,Thomas Rawls,RawlTh00,2585.0
00-0031900,Rod Smith,SmitRo01,2892.0
00-0031912,Cameron Meredith,MereCa00,2699.0
00-0031922,Khari Lee,LeexKh00,2686.0
00-0031934,Devin Smith,SmitDe04,2342.0
00-0031939,Matt Jones,JoneMa04,2400.0
00-0031941,Jamison Crowder,CrowJa00,2410.0
00-0031951,James O'Shaughnessy,O'ShJa00,2476.0
00-0031953,Geremy Davis,DaviGe00,2487.0
00-0031959,Marcus Murphy,MurpMa03,2529.0
00-0031972,Darius Jennings,JennDa00,2602.0
00-0031996,Manasseh Garner,GarnMa00,2604.0
00-0032004,Will Tye,TyexWi00,3043.0
00-0032006,Tim Semisch,SemiTi00,2595.0
00-0032008,Donteea Dye,DyexDo00,2824.0
00-0032009,Adam Humphries,HumpAd00,2822.0
00-0032048,Mack Brown,BrowMa02,2634.0
00-0032054,Breshad Perriman,PerrBr02,2331.0
00-0032055,Devin Funchess,FuncDe00,2346.0
00-0032058,Tevin Coleman,ColeTe01,2378.0
00-0032062,Blake Bell,BellBl00,2422.0
00-0032063,Mike Davis,DaviMi01,2431.0
00-0032064,DeAndre Smelter,SmelDe00,2436.0
00-0032068,Malcolm Johnson,JohnMa06,2496.0
00-0032089,Brian Parker,ParkBr00,2653.0
00-0032098,Daniel Brown,BrowDa04,2751.0
00-0032104,Ameer Abdullah,AbduAm00,2359.0
00-0032112,J.J. Nelson,NelsJJ00,2462.0
00-0032113,Kenny Bell,BellKe02,2465.0
00-0032115,Kaelin Clay,ClayKa00,2485.0
00-0032117,Nick O'Leary,OLeaNi00,2495.0
00-0032120,Neal Sterling,SterNe00,2519.0
00-0032123,Tre McBride,McBrTr00,2544.0
00-0032128,Chris Conley,ConlCh00,2381.0
00-0032130,Jalston Fowler,FowlJa00,2413.0
00-0032134,C.J. Uzomah,UzomC.00,2460.0
00-0032135,Jesse James,JameJe00,2463.0
00-0032139,Ben Koyack,KoyaBe00,2528.0
00-0032141,Geoff Swaim,SwaiGe00,2545.0
00-0032144,Melvin Gordon,GordMe00,2320.0
00-0032148,Garrett Grayson,GrayGa00,2380.0
00-0032156,Trevor Siemian,SiemTr00,2549.0
00-0032160,Tyrell Williams,WillTy00,2583.0
00-0032166,Sammie Coates,CoatSa00,2392.0
00-0032170,Rashad Greene,GreeRa00,2442.0
00-0032187,David Johnson,JohnDa08,2391.0
00-0032188,Vince Mayle,MaylVi00,2428.0
00-0032200,Ty Montgomery,MontTy01,2399.0
00-0032208,Phillip Dorsett,DorsPh00,2334.0
00-0032209,T.J. Yeldon,YeldT.00,2341.0
00-0032211,Tyler Lockett,LockTy00,2374.0
00-0032214,Tyler Kroft,KrofTy00,2390.0
00-0032227,Jeff Heuerman,HeueJe00,2397.0
00-0032241,Todd Gurley,GurlTo01,2315.0
00-0032245,Sean Mannion,MannSe00,2394.0
00-0032250,Kasen Williams,WillKa02,2611.0
00-0032256,Clive Walford,WalfCl00,2373.0
00-0032257,Duke Johnson,JohnDu00,2382.0
00-0032268,Marcus Mariota,MariMa01,2307.0
00-0032298,Bronson Hill,HillBr01,2599.0
00-0032319,Ross Travis,TravRo00,3041.0
00-0032341,Moritz Boehringer,BoehMo00,3336.0
00-0032351,Mekale McKay,McKaMe00,3418.0
00-0032355,Chester Rogers,RogeCh02,3582.0
00-0032358,Tevaun Smith,SmitTe03,3583.0
00-0032362,Maurice Harris,HarrMa05,3650.0
00-0032365,DeMarcus Ayers,AyerDe00,3384.0
00-0032371,Rob Kelley,KellRo00,3657.0
00-0032375,Joe Kerridge,KerrJo00,3658.0
00-0032377,Josh Ferguson,FergJo02,3453.0
00-0032385,Sterling Shepard,ShepSt00,3200.0
00-0032392,Austin Hooper,HoopAu00,3202.0
00-0032393,C.J. Prosise,ProsC.00,3204.0
00-0032394,Nick Vannett,VannNi00,3258.0
00-0032398,Chris Moore,MoorCh00,3269.0
00-0032400,Malcolm Mitchell,MitcMa01,3273.0
00-0032404,Tyler Ervin,ErviTy00,3280.0
00-0032411,Kenneth Dixon,DixoKe00,3208.0
00-0032417,Paul Perkins,PerkPa00,3211.0
00-0032423,Trevor Davis,DaviTr03,3319.0
00-0032426,Alex Collins,CollAl00,3327.0
00-0032429,Jerell Adams,AdamJe01,3340.0
00-0032430,David Morgan,MorgDa01,3344.0
00-0032431,Jake Rudock,RudoJa00,3347.0
00-0032434,Brandon Allen,AlleBr00,3357.0
00-0032436,Jeff Driskel,DrisJe00,3362.0
00-0032441,Aaron Burbridge,BurbAa00,3368.0
00-0032447,Devin Lucien,LuciDe00,3380.0
00-0032450,Dwayne Washington,WashDw00,3391.0
00-0032464,Kalif Raymond,RaymKa00,3634.0
00-0032472,Tre Madden,MaddTr01,3564.0
00-0032475,Tanner McEvoy,McEvTa01,3788.0
00-0032488,Mose Frazier,FrazMo00,3622.0
00-0032508,Hakeem Valles,VallHa00,3612.0
00-0032515,Braedon Bowman,BowmBr00,3547.0
00-0032523,Henry Krieger-Coble,KrieHe00,3485.0
00-0032540,Tra Carson,CarsTr01,3688.0
00-0032543,Alex Erickson,EricAl01,3433.0
00-0032550,Alonzo Russell,RussAl01,3420.0
00-0032553,Jace Billingsley,BillJa00,3710.0
00-0032562,Cole Wick,WickCo00,3715.0
00-0032577,D.J. Foster,FostD.01,3488.0
00-0032583,Bryce Williams,WillBr08,3561.0
00-0032593,Brandon Wilds,WildBr01,3573.0
00-0032599,Josh Perkins,PerkJo01,3668.0
00-0032602,J.D. McKissic,McKiJ.00,3664.0
00-0032604,Malachi Jones,,5777.0
00-0032606,Kyle Carter,CartKy01,3481.0
00-0032609,Marken Michel,MichMa00,3568.0
00-0032611,Jhurrell Pressley,,3463.0
00-0032621,Rashawn Scott,ScotRa01,3457.0
00-0032625,Brandon Shippen,ShipBr00,3762.0
00-0032626,Geronimo Allison,AlliGe01,3503.0
00-0032630,Joe Callahan,CallJo00,3717.0
00-0032634,David Grinnage,GrinDa00,3472.0
00-0032650,Ryan Malleck,MallRy02,3506.0
00-0032653,K.J. Maye,MayeK.00,3515.0
00-0032658,Josh Woodrum,WoodJo01,3440.0
00-0032659,Roger Lewis,LewiRo03,3519.0
00-0032661,Ben Braunecker,BrauBe00,3465.0
00-0032685,Nelson Spruce,SpruNe01,3484.0
00-0032688,Robby Anderson,AndeRo04,3423.0
00-0032689,Jason Vander Laan,VandJa00,3774.0
00-0032707,Andy Jones,JoneAn01,3702.0
00-0032716,Devon Cajuste,CajuDe00,3500.0
00-0032724,Bryce Treggs,TregBr00,3797.0
00-0032725,Stephen Anderson,AndeSt01,3496.0
00-0032728,Tevin Jones,JoneTe02,3730.0
00-0032740,Lawrence Thomas,ThomLa04,3644.0
00-0032741,Peyton Barber,BarbPe01,3594.0
00-0032745,Alan Cross,CrosAl00,3595.0
00-0032747,Russell Hansbrough,HansRu00,3461.0
00-0032760,Josh Doctson,DoctJo00,3178.0
00-0032764,Derrick Henry,HenrDe00,3198.0
00-0032765,Michael Thomas,ThomMi05,3199.0
00-0032775,Demarcus Robinson,RobiDe01,3286.0
00-0032778,Tajae Sharpe,SharTa00,3297.0
00-0032780,Jordan Howard,HowaJo00,3306.0
00-0032782,Wendell Smallwood,SmalWe00,3309.0
00-0032784,Kevin Hogan,HogaKe00,3318.0
00-0032791,Jakeem Grant,GranJa00,3342.0
00-0032792,Nate Sudfeld,SudfNa00,3343.0
00-0032794,Danny Vitale,VitaDa00,3353.0
00-0032795,Cody Core,CoreCo00,3355.0
00-0032801,Daniel Braverman,BravDa00,3385.0
00-0032804,Daniel Lasco,LascDa00,3392.0
00-0032813,Elijhaa Penny,PennEl00,3803.0
00-0032832,Marcus Tucker,TuckMa01,3817.0
00-0032839,Hunter Sharp,SharHu01,3517.0
00-0032841,Paul Turner,TurnPa01,3783.0
00-0032864,Alex Ellis,ElliAl01,3824.0
00-0032876,Jordan Williams-Lambert,WillJo08,3621.0
00-0032881,Tommylee Lewis,LewiTo00,3614.0
00-0032893,Connor Cook,CookCo00,3171.0
00-0032897,Derek Watt,WattDe00,3354.0
00-0032902,Kenneth Farrow,FarrKe01,3532.0
00-0032914,Matt Weiser,,3648.0
00-0032915,Dom Williams,WillDo05,
00-0032918,C.J. Ham,HamxC.00,3832.0
00-0032926,K.J. Brent,BrenK.00,3834.0
00-0032932,Ryan O'Malley,OMalRy00,3842.0
00-0032935,Johnny Holton,HoltJo00,3476.0
00-0032937,Max McCaffrey,McCaMa01,3840.0
00-0032940,DeAndre Washington,WashDe00,3300.0
00-0032945,Duke Williams,WillDu00,3846.0
00-0032950,Carson Wentz,WentCa00,3161.0
00-0032951,Laquon Treadwell,TreaLa00,3155.0
00-0032953,Christian Hackenberg,HackCh01,3168.0
00-0032956,Andy Janovich,JanoAn00,3332.0
00-0032959,Charone Peake,PeakCh00,3396.0
00-0032963,Cayleb Jones,JoneCa02,3447.0
00-0032964,Byron Marshall,MarsBy01,3491.0
00-0032966,Corey Coleman,ColeCo00,3177.0
00-0032972,Devontae Booker,BookDe00,3209.0
00-0032975,Jonathan Williams,WillJo07,3312.0
00-0032977,Rashard Higgins,HiggRa00,3328.0
00-0032980,Marcus Johnson,JohnMa07,3445.0
00-0032986,J.P. Holtz,HoltJ.01,3695.0
00-0032997,Jake McGee,McGeJa01,3514.0
00-0033003,Jamaal Jones,JoneJa06,3540.0
00-0033006,Jaydon Mickens,MickJa01,3852.0
00-0033009,Tyler Boyd,BoydTy00,3225.0
00-0033021,Jake Lampman,LampJa00,3864.0
00-0033025,Jalen Richard,RichJa00,3868.0
00-0033035,Jalen Simmons,SimmJa02,3859.0
00-0033040,Tyreek Hill,HillTy00,3321.0
00-0033043,Austin Traylor,TrayAu00,3878.0
00-0033045,Ezekiel Elliott,ElliEz00,3164.0
00-0033049,Darius Jackson,JackDa01,3371.0
00-0033054,Rico Gathers,GathRi00,3372.0
00-0033060,Leonte Carroo,CarrLe00,3253.0
00-0033061,Thomas Duarte,DuarTh00,3386.0
00-0033069,Braxton Miller,MillBr03,3203.0
00-0033077,Dak Prescott,PresDa01,3294.0
00-0033078,Keenan Reynolds,ReynKe00,3338.0
00-0033079,Ricardo Louis,LouiRi00,3275.0
00-0033080,Seth DeValve,DevaSe00,3296.0
00-0033087,Marquis Bundy,BundMa00,3889.0
00-0033090,Hunter Henry,HenrHu00,3214.0
00-0033092,Reece Horn,,3893.0
00-0033094,Marvin Hall,HallMa02,3895.0
00-0033095,Garrett Griffin,GrifGa00,3894.0
00-0033098,Cardale Jones,JoneCa01,3210.0
00-0033104,Cody Kessler,KessCo00,3205.0
00-0033106,Jared Goff,GoffJa00,3163.0
00-0033108,Paxton Lynch,LyncPa00,3170.0
00-0033110,Tyler Higbee,HigbTy00,3271.0
00-0033111,Pharoh Cooper,CoopPh00,3278.0
00-0033112,Temarrick Hemingway,HemiTe00,3333.0
00-0033114,Mike Thomas,ThomMi04,3652.0
00-0033117,Bronson Kaufusi,KaufBr01,3239.0
00-0033118,Kenyan Drake,DrakKe00,3242.0
00-0033119,Jacoby Brissett,BrisJa00,3257.0
00-0033127,Will Fuller,FullWi01,3157.0
00-0033143,Kendal Thompson,ThomKe03,3917.0
00-0033164,Troymaine Pope,PopeTr00,3934.0
00-0033215,Cyril Grayson,GrayCy01,4050.0
00-0033217,Mo Alie-Cox,AlieMo00,4054.0
00-0033240,Scott Orndoff,OrndSc00,4309.0
00-0033246,Johnny Mundt,MundJo00,4314.0
00-0033251,Zach Pascal,PascZa00,4319.0
00-0033257,Dalton Crossan,CrosDa00,
00-0033258,Darrell Daniels,DaniDa02,4323.0
00-0033259,Trey Griffey,GrifTr00,4324.0
00-0033261,Bug Howard,HowaBu00,4326.0
00-0033262,Colin Jeter,JeteCo00,4327.0
00-0033266,JoJo Natson,NatsJo00,4330.0
00-0033268,Brandon Radcliff,RadcBr00,4806.0
00-0033275,Phillip Walker,WalkPh00,4335.0
00-0033280,Christian McCaffrey,McCaCh01,4034.0
00-0033282,Curtis Samuel,SamuCu00,4082.0
00-0033286,Joe Williams,WillJo01,4042.0
00-0033288,George Kittle,KittGe00,4217.0
00-0033291,DeAngelo Yancey,YancDe00,4200.0
00-0033292,Trent Taylor,TaylTr02,4218.0
00-0033293,Aaron Jones,JoneAa00,4199.0
00-0033295,Elijah McGuire,McGuEl00,4263.0
00-0033296,Alex Armah,ArmaAl00,4226.0
00-0033304,Devante Mays,MaysDe00,4244.0
00-0033305,Malachi Dupre,DuprMa01,4243.0
00-0033306,Victor Bolden,BoldVi00,4453.0
00-0033307,Kendrick Bourne,BourKe00,4454.0
00-0033308,Matt Breida,BreiMa00,4455.0
00-0033309,KD Cannon,,4456.0
00-0033315,Cole Hikutini,HikuCo00,4460.0
00-0033319,Nick Mullens,MullNi00,4464.0
00-0033332,Josiah Price,PricJo00,4409.0
00-0033338,Cethan Carter,CartCe00,4362.0
00-0033348,Jarveon Williams,WillJa07,4372.0
00-0033353,Montay Crockett,CrocMo01,4377.0
00-0033357,Taysom Hill,HillTa00,4381.0
00-0033366,Quincy Adeboyejo,AdebQu00,4342.0
00-0033367,C.J. Board,BoarC.00,4344.0
00-0033373,Taquan Mizzell,MizzTa00,4349.0
00-0033374,Ricky Ortiz,OrtiRi00,4350.0
00-0033375,Tim Patrick,PatrTi00,4351.0
00-0033376,Patrick Ricard,RicaPa00,4353.0
00-0033379,Tim White,WhitTi00,4355.0
00-0033382,Austin Carr,CarrAu00,4416.0
00-0033384,LeShun Daniels,DaniLe00,4418.0
00-0033386,Cody Hollister,HollCo00,4420.0
00-0033387,Jacob Hollister,HollJa03,4421.0
00-0033402,Malcolm Lewis,LewiMa02,4392.0
00-0033407,Drew Morgan,MorgDr00,4396.0
00-0033409,Austin Duke,DukeAu00,4358.0
00-0033411,Francis Owusu,OwusFr00,4879.0
00-0033412,Fred Ross,RossFr00,4360.0
00-0033413,De'Veon Smith,SmitDe06,4398.0
00-0033417,Damore'ea Stringfellow,StriDa00,4401.0
00-0033421,Antony Auclair,AuclAn00,4468.0
00-0033434,Bobo Wilson,,4480.0
00-0033439,Pharaoh Brown,BrowPh01,4443.0
00-0033441,Keon Hatcher,HatcKe00,4445.0
00-0033449,Isaac Whitney,WhitIs00,4451.0
00-0033455,Anthony Firkser,FirkAn00,4435.0
00-0033460,John Ross,RossJo00,4038.0
00-0033464,Jehu Chesson,ChesJe00,4169.0
00-0033466,Isaiah McKenzie,McKeIs00,4197.0
00-0033471,Isaiah Ford,FordIs00,4252.0
00-0033474,Gehrig Dieter,DietGe00,4489.0
00-0033481,Marcus Kemp,KempMa00,4491.0
00-0033508,William Stanback,StanWi00,1980.0
00-0033514,Emanuel Byrd,ByrdEm00,4518.0
00-0033515,Devine Redding,ReddDe00,4519.0
00-0033517,Travin Dural,DuraTr00,4520.0
00-0033526,Samaje Perine,PeriSa00,4147.0
00-0033528,Jeremy Sprinkle,SpriJe00,4221.0
00-0033530,Robert Davis,DaviRo00,4285.0
00-0033536,Mike Williams,WillMi07,4068.0
00-0033537,Deshaun Watson,WatsDe00,4017.0
00-0033550,Davis Webb,WebbDa00,4061.0
00-0033552,Brendan Langley,LangBr00,4130.0
00-0033553,James Conner,ConnJa00,4137.0
00-0033555,Mack Hollins,HollMa00,4177.0
00-0033556,Tarik Cohen,CoheTa00,4157.0
00-0033559,Michael Roberts,RobeMi01,4164.0
00-0033561,DJ Pumphrey,PumpDo00,4178.0
00-0033562,Ryan Switzer,SwitRy00,4162.0
00-0033564,Jake Butt,ButtJa00,4151.0
00-0033567,Brian Hill,HillBr02,4187.0
00-0033572,Jamal Agnew,AgneJa00,4198.0
00-0033573,Shelton Gibson,GibsSh00,4214.0
00-0033576,Eric Saubert,SaubEr00,4189.0
00-0033581,De'Angelo Henderson Sr.,HendDe01,4239.0
00-0033585,Brad Kaaya,KaayBr00,4222.0
00-0033589,David Moore,MoorDa03,4274.0
00-0033591,Noah Brown,BrowNo00,4234.0
00-0033594,Chris Carson,CarsCh00,4273.0
00-0033596,Matt Dayes,DayeMa00,4232.0
00-0033597,Chad Kelly,KellCh00,4051.0
00-0033599,Carlton Agudosi,AgudCa00,4522.0
00-0033604,Krishawn Hogan,HogaKr00,4526.0
00-0033611,Ricky Seals-Jones,SealRi00,4531.0
00-0033613,James Summers,SummJa00,4533.0
00-0033620,Brandon Reilly,ReilBr00,4541.0
00-0033623,Keith Towbridge,TowbKe00,4545.0
00-0033627,Jason Croom,CrooJa00,4536.0
00-0033630,Joel Bouagnon,BouaJo00,4548.0
00-0033633,Tanner Gentry,GentTa00,4551.0
00-0033641,Kermit Whitfield,WhitKe02,4785.0
00-0033655,Brian Brown,BrowBr05,4569.0
00-0033658,Blake Jarwin,JarwBl00,4571.0
00-0033662,Cooper Rush,RushCo00,4574.0
00-0033672,Kyle Sloter,SlotKy00,4588.0
00-0033681,Keelan Cole,ColeKe00,4622.0
00-0033683,Tim Cook,CookTi00,4623.0
00-0033687,Amba Etta-Tawo,EttaAm00,4626.0
00-0033696,Sean Culkin,CulkSe00,4660.0
00-0033699,Austin Ekeler,EkelAu00,4663.0
00-0033705,Andre Patton,PattAn00,4669.0
00-0033706,Artavis Scott,ScotAr00,4670.0
00-0033717,Travis Rudolph,RudoTr00,4644.0
00-0033719,Shane Smith,SmitSh02,4646.0
00-0033720,Colin Thompson,ThomCo03,4647.0
00-0033725,Corey Clement,ClemCo00,4651.0
00-0033733,Greg Ward,WardGr02,6744.0
00-0033735,Billy Brown,BrowBi01,4650.0
00-0033736,Algernon Brown,BrowAl01,4673.0
00-0033742,Tyrone Swoopes,SwooTy00,4678.0
00-0033745,Brandon Barnes,BarnBr00,2039.0
00-0033747,Dontez Ford,FordDo00,4595.0
00-0033748,Tion Green,GreeTi00,4596.0
00-0033757,Robert Tonyan,TonyRo00,4602.0
00-0033760,Justin Davis,DaviJu00,4635.0
00-0033762,Lenard Tillery,TillLe01,4636.0
00-0033763,Evan Baylis,BaylEv00,4605.0
00-0033766,Zach Conque,ConqZa00,2051.0
00-0033773,Riley McCarron,McCaRi00,4614.0
00-0033789,T.J. Logan,LogaT.00,4186.0
00-0033796,Marquez Williams,WillMa09,
00-0033797,Khalfani Muhammad,MuhaKh00,4283.0
00-0033798,Mason Schreck,SchrMa00,4229.0
00-0033800,Akeem Judd,JuddAk00,
00-0033815,Reggie Davis,DaviRe00,4681.0
00-0033838,Trey Edmunds,EdmuTr00,4696.0
00-0033839,Dede Westbrook,WestDe00,4146.0
00-0033840,Chad Hansen,HansCh00,4175.0
00-0033846,Justin Thomas,ThomJu04,
00-0033854,Dare Ogunbowale,OgunDa00,4718.0
00-0033855,Chris Thompson,ThomCh03,4719.0
00-0033856,Leonard Fournette,FourLe00,3969.0
00-0033857,JuJu Smith-Schuster,SmitJu00,4040.0
00-0033858,Jonnu Smith,SmitJo01,4144.0
00-0033859,Josh Malone,MaloJo00,4160.0
00-0033869,Mitchell Trubisky,TrubMi00,3976.0
00-0033871,Corey Davis,DaviCo03,4036.0
00-0033873,Patrick Mahomes,MahoPa00,4046.0
00-0033879,O.J. Howard,HowaO.00,4055.0
00-0033881,Evan Engram,EngrEv00,4066.0
00-0033885,David Njoku,NjokDa00,4033.0
00-0033891,Zay Jones,JoneZa00,4080.0
00-0033893,Dalvin Cook,CookDa01,4029.0
00-0033895,Gerald Everett,EverGe00,4089.0
00-0033896,Adam Shaheen,ShahAd00,4085.0
00-0033897,Joe Mixon,MixoJo00,4018.0
00-0033899,DeShone Kizer,KizeDe00,4026.0
00-0033906,Alvin Kamara,KamaAl00,4035.0
00-0033908,Cooper Kupp,KuppCo00,4039.0
00-0033911,Taywan Taylor,TaylTa00,4125.0
00-0033916,ArDarius Stewart,StewAr00,4119.0
00-0033919,Carlos Henderson,HendCa01,
00-0033921,Chris Godwin,GodwCh00,4037.0
00-0033923,Kareem Hunt,HuntKa00,4098.0
00-0033925,D'Onta Foreman,ForeDO00,4111.0
00-0033932,Kenny Golladay,GollKe00,4131.0
00-0033933,Chad Williams,WillCh05,4128.0
00-0033936,C.J. Beathard,BeatC.00,4127.0
00-0033937,Amara Darboh,DarbAm00,4139.0
00-0033943,Josh Reynolds,ReynJo00,4171.0
00-0033948,Jamaal Williams,WillJa06,4149.0
00-0033949,Joshua Dobbs,DobbJo00,4179.0
00-0033950,Wayne Gallman,GallWa00,4150.0
00-0033951,Marlon Mack,MackMa00,4152.0
00-0033953,Jordan Leggett,LeggJo00,4153.0
00-0033955,Jeremy McNichols,McNiJe00,4219.0
00-0033957,Rodney Adams,AdamRo01,4208.0
00-0033958,Nathan Peterman,PeteNa00,4183.0
00-0033966,Bucky Hodges,HodgBu00,4184.0
00-0033967,Sam Rogers,RogeSa00,4250.0
00-0033968,Stacy Coley,ColeSt00,4254.0
00-0033975,Elijah Hood,HoodEl00,4265.0
00-0033983,Colby Pearson,PearCo00,
00-0033992,Lance Lenoir,LenoLa00,4750.0
00-0033994,Fred Brown,BrowFr00,4752.0
00-0034000,Adam Zaruba,ZaruAd00,
00-0034007,Darius Victor,VictDa00,4791.0
00-0034010,Alex Gray,GrayAl00,4733.0
00-0034011,Dan Arnold,ArnoDa00,4741.0
00-0034025,Marvin Bracy,,4813.0
00-0034027,De'Quan Hampton,HampDe01,
00-0034034,Rashard Davis,DaviRa01,4828.0
00-0034035,Daniel Williams,,4829.0
00-0034038,Justice Liggins,LiggJu00,4831.0
00-0034052,Brandon Zylstra,ZylsBr00,4878.0
00-0034053,Chris Bazile,BaziCh00,
00-0034054,River Cracraft,CracRi00,4854.0
00-0034057,Jevoni Robinson,RobiJe03,4864.0
00-0034068,Simmie Cobbs,CobbSi00,5164.0
00-0034072,Steven Dunbar,DunbSt00,5391.0
00-0034073,Ross Dwelley,DwelRo00,5285.0
00-0034074,Jack Heneghan,,5392.0
00-0034081,Steven Mitchell,MitcSt02,5132.0
00-0034083,Ricky Jeune,JeunRi00,
00-0034087,Steve Ishmael,IshmSt00,5262.0
00-0034099,Martez Carter,CartMa02,5138.0
00-0034100,Shay Fields,,5431.0
00-0034101,Matt Flanagan,FlanMa00,5194.0
00-0034103,De'Mornay Pierson-El,PierDe00,2487.0
00-0034104,Cam Sims,SimsCa00,5432.0
00-0034106,John Diarse,,5425.0
00-0034109,Phillip Lindsay,LindPh00,5170.0
00-0034113,Jimmy Williams,,
00-0034115,Jeff Wilson,WilsJe01,5284.0
00-0034119,Elijah Wellman,WellEl00,2488.0
00-0034126,J.T. Barrett,BarrJ.00,5228.0
00-0034128,Nate Wozniak,WoznNa00,5475.0
00-0034131,Kurt Benkert,BenkKu00,5142.0
00-0034132,Christian Blake,BlakCh00,5241.0
00-0034133,Dontez Byrd,,5242.0
00-0034137,Justin Crawford,,5398.0
00-0034141,Devin Gray,GrayDe02,5244.0
00-0034144,Lamar Jordan,,5239.0
00-0034146,Troy Mangen,,5245.0
00-0034148,Daniel Marx,,5240.0
00-0034149,Luke McNitt,,5145.0
00-0034156,Malik Williams,WillMa07,5144.0
00-0034159,Will Dissly,DissWi00,5010.0
00-0034164,Trenton Cannon,CannTr00,5123.0
00-0034169,Marcus Baugh,BaugMa01,5233.0
00-0034170,Saeed Blacknall,BlacSa00,5135.0
00-0034171,Jason Cabinda,CabiJa00,5565.0
00-0034177,Tim Boyle,BoylTi00,5257.0
00-0034180,Jaelon Acklin,,5140.0
00-0034184,Gus Edwards,EdwaGu00,5248.0
00-0034192,Nick Keizer,KeizNi00,5465.0
00-0034193,Kevin Rader,RadeKe00,5171.0
00-0034196,Andre Levrone,LevrAn00,5249.0
00-0034200,Mark Thompson,ThomMa02,5463.0
00-0034201,De'Lance Turner,TurnDe01,5464.0
00-0034205,Jarvion Franklin,FranJa02,5278.0
00-0034206,Quadree Henderson,HendQu00,5279.0
00-0034207,Jeff Badet,BadeJe00,5275.0
00-0034208,Mike Boone,BoonMi00,5209.0
00-0034214,Tyler Hoppes,,5276.0
00-0034219,Peter Pujals,,5403.0
00-0034220,Korey Robertson,RobeKo00,5210.0
00-0034221,Roc Thomas,ThomRo05,5274.0
00-0034222,Jake Wieneke,,5211.0
00-0034225,Dimitri Flowers,FlowDi00,5353.0
00-0034237,Khalid Hill,HillKh00,5560.0
00-0034243,Caleb Scott,ScotCa00,5223.0
00-0034244,Ka'Raun White,WhitKa00,5283.0
00-0034245,Taj Williams,,
00-0034247,Evan Berry,,
00-0034253,Dontrell Hilliard,HillDo00,5536.0
00-0034256,Da'Mari Scott,ScotDa02,5166.0
00-0034258,Derrick Willies,WillDe06,5539.0
00-0034267,Jaleel Scott,ScotJa02,5005.0
00-0034268,J'Mon Moore,MoorJM00,5006.0
00-0034270,Tyler Conklin,ConkTy00,5094.0
00-0034271,Jordan Lasley,LaslJo00,5070.0
00-0034272,Marquez Valdes-Scantling,ValdMa00,5086.0
00-0034273,Damion Ratley,RatlDa00,5080.0
00-0034278,Tremon Smith,SmitTr04,5328.0
00-0034279,Equanimeous St. Brown,St.BEq00,5323.0
00-0034286,Richie James,JameRi00,5137.0
00-0034291,Chase Litton,LittCh00,5263.0
00-0034292,Blake Mack,,5264.0
00-0034293,Elijah Marks,,
00-0034294,J.D. Moore,MoorJ.00,5550.0
00-0034297,Byron Pringle,PrinBy00,5199.0
00-0034301,Darrel Williams,WillDa10,5549.0
00-0034304,Julian Allen,,
00-0034306,Ryan Smith,SmitRy00,5547.0
00-0034307,Janarion Grant,GranJa01,5567.0
00-0034309,Chad Beebe,BeebCh00,5570.0
00-0034311,Johnny Stanton,StanJo02,5569.0
00-0034313,Paul Butler,ButlPa00,5588.0
00-0034314,Henry Poggi,,5586.0
00-0034315,Chris Warren,WarrCh00,5587.0
00-0034317,Keith Kirkwood,KirkKe00,5134.0
00-0034319,Deon Yelder,YeldDe00,5277.0
00-0034322,Pharoah McKever,McKePh00,5280.0
00-0034330,Jordan Smallwood,SmalJo00,5590.0
00-0034331,Jaylen Samuels,SamuJa00,5107.0
00-0034339,Trey Quinn,QuinTr00,5139.0
00-0034340,Christian Scotland-Williamson,ScotCh01,5468.0
00-0034343,Josh Rosen,RoseJo01,4863.0
00-0034348,Courtland Sutton,SuttCo00,5045.0
00-0034349,Kerryon Johnson,JohnKe06,5068.0
00-0034351,Dallas Goedert,GoedDa00,5022.0
00-0034353,Anthony Miller,MillAn02,5013.0
00-0034358,Derrius Guice,GuicDe00,4949.0
00-0034364,Jordan Akins,AkinJo00,5032.0
00-0034365,Ian Thomas,ThomIa00,4995.0
00-0034366,Keke Coutee,CoutKe00,5007.0
00-0034367,Nyheim Hines,HineNy00,5347.0
00-0034369,Kyle Lauletta,LaulKy00,4996.0
00-0034370,DaeSean Hamilton,HamiDa01,4998.0
00-0034378,Ito Smith,SmitIt00,5004.0
00-0034383,Dalton Schultz,SchuDa00,5001.0
00-0034386,Justin Watson,WatsJu01,5374.0
00-0034393,Troy Fumagalli,FumaTr00,5092.0
00-0034395,Daurice Fountain,FounDa00,5102.0
00-0034400,Jordan Wilkins,WilkJo01,5100.0
00-0034401,Mike White,WhitMi01,5089.0
00-0034406,Deon Cain,CainDe00,5101.0
00-0034407,Ray-Ray McCloud,McClRa00,5096.0
00-0034409,Dylan Cantrell,CantDy00,5103.0
00-0034411,Russell Gage,GageRu00,5110.0
00-0034412,Luke Falk,FalkLu00,5108.0
00-0034414,Boston Scott,ScotBo02,5122.0
00-0034416,Tanner Lee,LeexTa00,5118.0
00-0034418,Ced Wilson,WilsCe01,5113.0
00-0034419,Braxton Berrios,BerrBr00,5121.0
00-0034420,Jordan Thomas,ThomJo05,5117.0
00-0034423,Danny Etling,EtliDa00,5120.0
00-0034426,Javon Wims,WimsJa00,5111.0
00-0034427,David Williams,WillDa00,5115.0
00-0034432,Bo Scarbrough,ScarBo01,5112.0
00-0034433,Nick Bawden,BawdNi00,5116.0
00-0034438,Logan Woodside,WoodLo00,5128.0
00-0034439,Ryan Izzo,IzzoRy00,5133.0
00-0034440,Justin Jackson,JackJu01,5131.0
00-0034442,Austin Proehl,ProeAu00,5126.0
00-0034449,Buddy Howell,HoweBu00,5271.0
00-0034457,Josh Adams,AdamJo03,5136.0
00-0034462,Anthony Mahoungou,,
00-0034472,Alec Bloom,,5385.0
00-0034478,Chad Kanoff,,5237.0
00-0034487,Trent Sherfield,SherTr00,5154.0
00-0034489,Jalen Tolliver,TollJa00,5383.0
00-0034491,Andrew Vollert,VollAn00,5156.0
00-0034493,Corey Willis,,5155.0
00-0034494,Stephen Baggett,,5609.0
00-0034499,Jawill Davis,DaviJa07,5175.0
00-0034504,Jonah Trinnaman,,5384.0
00-0034509,Keith Ford,FordKe00,5624.0
00-0034510,Robert Foster,FostRo01,5250.0
00-0034512,Cam Phillips,PhilCa01,5625.0
00-0034521,Allen Lazard,LazaAl00,5185.0
00-0034524,Dorren Miller,MillDo01,5359.0
00-0034528,Devonte Boyd,,5608.0
00-0034531,Quinton Flowers,FlowQu00,5165.0
00-0034532,Jordan Franks,FranJo03,5253.0
00-0034535,Ray Lawry,,5252.0
00-0034549,Cole Hunt,,5231.0
00-0034551,Jordan Chunn,ChunJo00,5168.0
00-0034557,Ben Johnson,JohnBe01,5268.0
00-0034560,J.J. Jones,JoneJ.00,5267.0
00-0034561,Marchie Murdock,,
00-0034563,Anthony Manzo-Lewis,,5358.0
00-0034565,Detrez Newsome,NewsDe00,5266.0
00-0034572,Dalton Sturm,,
00-0034574,Nic Shimonek,,5265.0
00-0034575,David Wells,WellDa00,5235.0
00-0034577,Kyle Allen,AlleKy00,5127.0
00-0034578,Reggie Bonnafon,BonnRe00,5162.0
00-0034592,Garrett Johnson,,5637.0
00-0034593,Chris Lacy,LacyCh00,5661.0
00-0034596,Ralph Webb,WebbRa01,5192.0
00-0034597,Ryan Nall,NallRy00,5163.0
00-0034598,Shane Wimann,,
00-0034608,Austin Allen,AlleAu00,5286.0
00-0034609,Sergio Bailey,BailSe00,5408.0
00-0034611,Donnie Ernsberger,ErnsDo00,2481.0
00-0034613,Tanner Hudson,HudsTa00,5409.0
00-0034614,Godwin Igwebuike,IgweGo00,5220.0
00-0034618,Ervin Philips,,5407.0
00-0034619,Jason Reese,,5217.0
00-0034621,Shaun Wilson,WilsSh01,5395.0
00-0034624,Lavon Coleman,ColeLa02,5259.0
00-0034631,Vyncint Smith,SmitVy00,5260.0
00-0034632,Terry Swanson,,5201.0
00-0034633,Jester Weah,WeahJe00,5261.0
00-0034640,DeAndre Goolsby,GoolDe00,5256.0
00-0034642,Kyle Lewis,,5236.0
00-0034646,Brandon Powell,PoweBr00,5695.0
00-0034647,Teo Redding,ReddTe00,5255.0
00-0034652,Cameron Batson,BatsCa00,5289.0
00-0034653,Deontay Burnett,BurnDe00,5290.0
00-0034654,Dalyn Dawkins,DawkDa01,5619.0
00-0034660,Rico Gafford,GaffRi00,5197.0
00-0034666,Larry Rose,,5618.0
00-0034667,Devin Ross,RossDe01,5292.0
00-0034669,Jordan Veasy,VeasJo00,5293.0
00-0034670,Akrum Wadley,WadlAk00,5195.0
00-0034672,Ethan Wolf,WolfEt00,5196.0
00-0034676,James Washington,WashJa00,5024.0
00-0034679,Mark Walton,WaltMa00,4997.0
00-0034681,Chase Edmonds,EdmoCh00,5000.0
00-0034686,Auden Tate,TateAu00,5130.0
00-0034694,Zach Olstad,,
00-0034697,Brogan Roback,RobaBr00,5597.0
00-0034698,Damoun Patterson,PattDa01,5125.0
00-0034703,Tim Wilson,WilsTi00,5714.0
00-0034704,Matt Fleming,,
00-0034705,John Franklin,FranJo04,5705.0
00-0034708,Robert Martin,MartRo02,5700.0
00-0034709,C.J. Duncan,,5734.0
00-0034710,Darvin Kidsy,KidsDa00,5722.0
00-0034715,Deontez Alexander,AlexDe01,5703.0
00-0034716,Clayton Wilson,,5733.0
00-0034725,Ryan Yurachek,YuraRy00,5718.0
00-0034732,Alex McGough,McGoAl00,5124.0
00-0034733,Nick Holley,,5710.0
00-0034735,Codey McElroy,McElCo00,5269.0
00-0034737,Luis Perez,,5709.0
00-0034747,Marcell Ateman,AtemMa00,4942.0
00-0034748,Davon Grayson,GrayDa01,5176.0
00-0034749,Eldridge Massington,,
00-0034750,Rashaad Penny,PennRa00,4985.0
00-0034753,Mark Andrews,AndrMa00,5012.0
00-0034761,Kayaune Ross,,5747.0
00-0034764,Michael Gallup,GallMi00,5038.0
00-0034765,Tre'Quan Smith,SmitTr03,5026.0
00-0034766,Chris Herndon,HernCh00,5009.0
00-0034771,Mason Rudolph,RudoMa00,4972.0
00-0034772,Antonio Callaway,CallAn00,5310.0
00-0034775,Christian Kirk,KirkCh01,4950.0
00-0034777,D.J. Chark,CharDJ00,4951.0
00-0034783,Garrett Hudson,,5750.0
00-0034784,Austin Roberts,RobeAu00,5751.0
00-0034786,Sherman Badie,,5752.0
00-0034788,Jaeden Graham,GrahJa01,5754.0
00-0034791,Nick Chubb,ChubNi00,4988.0
00-0034795,Garrett Dickerson,DickGa00,5756.0
00-0034796,Lamar Jackson,JackLa00,4881.0
00-0034798,Durham Smythe,SmytDu00,5008.0
00-0034799,Kalen Ballage,BallKa00,4994.0
00-0034808,John Kelly,KellJo00,5076.0
00-0034816,Ronald Jones,JoneRo01,5052.0
00-0034819,Josh Crockett,CrocJo01,5760.0
00-0034823,Josh Smith,SmitJo02,3731.0
00-0034827,D.J. Moore,MoorD.00,4983.0
00-0034829,Mike Gesicki,GesiMi00,4993.0
00-0034830,Hayden Hurst,HursHa00,4973.0
00-0034837,Calvin Ridley,RidlCa00,4981.0
00-0034838,Royce Freeman,FreeRo00,5046.0
00-0034844,Saquon Barkley,BarkSa00,4866.0
00-0034845,Sony Michel,MichSo00,4962.0
00-0034853,Aaron Lacombe,,
00-0034854,KhaDarel Hodge,HodgKh00,5773.0
00-0034855,Baker Mayfield,MayfBa00,4892.0
00-0034857,Josh Allen,AlleJo02,4984.0
00-0034859,Adonis Jennings,,5129.0
00-0034860,Dante Pettis,PettDa00,4992.0
00-0034861,Mark Chapman,,5776.0
00-0034862,Jared Murphy,,5775.0
00-0034863,Cam Serigne,,5774.0
00-0034864,Blake Jackson,JackBl00,5779.0
00-0034867,Malik Turner,TurnMa00,5781.0
00-0034869,Sam Darnold,DarnSa00,4943.0
00-0034870,James Butler,ButlJa01,5785.0
00-0034876,Christopher Ezeala,EzeaCh00,5462.0
00-0034877,Marcus Peterson,,
00-0034878,Bryce Bobo,,5787.0
00-0034883,Gerald Holmes,,5791.0
00-0034888,Darren Carrington,,5798.0
00-0034889,Austin Wolf,,
00-0034890,Justin Stockton,,5800.0
00-0034891,Allenzae Staggers,,
00-0034892,Darius Prince,,5799.0
00-0034893,Kobe McCrary,,5801.0
00-0034894,Julian Williams,,5804.0
00-0034897,Connor Jessop,,5808.0
00-0034899,John Wolford,WolfJo00,5806.0
00-0034900,Ja'Quan Gardner,,5809.0
00-0034901,Bryant Mitchell,MitcBr01,2957.0
00-0034915,Damon Sheehy-Guiseppi,SheeDa00,6195.0
00-0034922,Ishmael Hyman,HymaIs00,6209.0
00-0034927,T.J. Rahming,,3466.0
00-0034928,Steven Sims,SimsSt00,6402.0
00-0034930,Trinity Benson,BensTr00,6395.0
00-0034932,Austin Fort,FortAu00,6396.0
00-0034935,Devontae Jackson,,6539.0
00-0034943,Emmanuel Butler,ButlEm00,6107.0
00-0034946,George Aston,AstoGe00,3497.0
00-0034949,Kelvin McKnight,McKnKe00,6438.0
00-0034955,Brett Rypien,RypiBr00,6037.0
00-0034959,Andrew Beck,BeckAn00,6323.0
00-0034960,Jakobi Meyers,MeyeJa01,5947.0
00-0034961,Nick Brossette,BrosNi00,6021.0
00-0034965,Ryan Davis,DaviRy00,160.0
00-0034970,Irv Smith,SmitIr01,6126.0
00-0034971,Jalen Hurd,HurdJa00,5911.0
00-0034972,Alexander Mattison,MattAl01,5987.0
00-0034975,Justice Hill,HillJu00,5995.0
00-0034981,Foster Moreau,MoreFo00,5985.0
00-0034983,Hunter Renfrow,RenfHu00,5955.0
00-0034988,Kaden Smith,SmitKa00,6146.0
00-0034995,Dexter Williams,WillDe07,6153.0
00-0035002,Dillon Mitchell,MitcDi00,6047.0
00-0035006,Bisi Johnson,JohnOl00,6088.0
00-0035009,C.J. Conrad,ConrC.00,6501.0
00-0035010,Eric Dungey,DungEr00,
00-0035013,Jon Hilliman,HillJo03,6446.0
00-0035018,Alex Wesley,WeslAl00,6163.0
00-0035019,Reggie White Jr.,WhitRe01,6261.0
00-0035021,Ashton Dulin,DuliAs00,6427.0
00-0035022,Penny Hart,HartPe01,5902.0
00-0035025,Hale Hentges,HentHa00,6439.0
00-0035031,Malik Henry,HenrMa03,3591.0
00-0035034,Tyree Mayfield,,3333.0
00-0035035,Shawn Poindexter,PoinSh00,3593.0
00-0035037,Wilton Speight,,3332.0
00-0035038,Dorian Baker,,3507.0
00-0035039,Stephen Carlson,CarlSt00,6451.0
00-0035040,David Blough,BlouDa00,6450.0
00-0035043,Darrin Hall,HallDa02,6448.0
00-0035045,D.J. Montgomery,,6453.0
00-0035057,Ellis Richardson,,3519.0
00-0035058,Dax Raymond,RaymDa00,6016.0
00-0035067,Ian Bunting,BuntIa00,3385.0
00-0035070,Emanuel Hall,HallEm00,5924.0
00-0035074,Thomas Ives,IvesTh00,3522.0
00-0035077,Manny Wilkins,,3418.0
00-0035078,Matthew Eaton,,3525.0
00-0035079,Kabion Ento,EntoKa00,3651.0
00-0035086,Adam Choice,ChoiAd00,3541.0
00-0035087,Taryn Christion,ChriTa00,
00-0035089,Mik'Quan Deane,,
00-0035090,Jazz Ferguson,FergJa01,5997.0
00-0035092,Justin Johnson,JohnJu00,3543.0
00-0035097,Terry Wright,WrigTe00,3542.0
00-0035099,Khari Blasingame,BlasKh00,6379.0
00-0035100,Jake Browning,BrowJa08,6111.0
00-0035101,Davion Davis,DaviDa03,6380.0
00-0035102,Brandon Dillon,DillBr00,6279.0
00-0035104,Alexander Hollins,HollAl00,6381.0
00-0035109,Cole Herdman,HerdCo00,3517.0
00-0035114,Sean Modster,ModsSe00,3516.0
00-0035119,Charles Scarff,ScarCh00,3539.0
00-0035120,Keelan Doss,DossKe00,6032.0
00-0035121,Jaylen Smith,SmitJa07,6155.0
00-0035125,Alec Ingold,IngoAl00,6109.0
00-0035126,Antoine Wesley,WeslAn00,6165.0
00-0035140,Mecole Hardman,HardMe00,5917.0
00-0035146,Trace McSorley,McSoTr00,5974.0
00-0035148,Darwin Thompson,ThomDa06,6178.0
00-0035153,Jamal Custis,CustJa00,
00-0035154,Felton Davis,DaviFe01,5941.0
00-0035161,John Lovett,LoveJo02,6231.0
00-0035163,Kyle Shurmur,ShurKy00,6269.0
00-0035164,Cody Thompson,ThomCo04,6171.0
00-0035165,James Williams,WillJa04,
00-0035170,Trevor Wood,,3352.0
00-0035176,Trayone Gray,,3553.0
00-0035181,Darrius Shepherd,ShepDa00,6519.0
00-0035184,Devine Ozigbo,OzigDe01,6068.0
00-0035185,Jake Powell,,
00-0035187,Austin Walter,WaltAu00,6553.0
00-0035194,Shawn Bane,,6357.0
00-0035200,Kahlil Lewis,,6358.0
00-0035206,C.J. Worton,,3434.0
00-0035208,Olamide Zaccheaus,ZaccOl01,6271.0
00-0035209,Marcus Marshall,MarsMa00,3586.0
00-0035212,Travon McMillian,,3331.0
00-0035215,Deonte Harris,HarrDe07,6234.0
00-0035216,Diontae Johnson,JohnDi01,5937.0
00-0035217,Benny Snell,SnelBe00,6156.0
00-0035218,Sutton Smith,SmitSu00,6188.0
00-0035222,Zach Gentry,GentZa00,6018.0
00-0035228,Kyler Murray,MurrKy00,5849.0
00-0035229,T.J. Hockenson,HockTJ00,5844.0
00-0035232,Dwayne Haskins,HaskDw00,5845.0
00-0035243,Miles Sanders,SandMi01,6151.0
00-0035246,J.J. Arcega-Whiteside,ArceJJ00,5863.0
00-0035249,Josh Oliver,OlivJo00,5973.0
00-0035250,Devin Singletary,SingDe00,6130.0
00-0035251,Will Grier,GrieWi00,5903.0
00-0035256,Bryce Love,LoveBr00,5889.0
00-0035259,Trevon Wesco,WescTr00,6181.0
00-0035261,Tony Pollard,PollTo00,5967.0
00-0035264,Jarrett Stidham,StidJa00,6136.0
00-0035268,Ryquell Armstead,ArmsRy00,6007.0
00-0035273,Qadree Ollison,OlliQa00,6002.0
00-0035275,Jordan Scarlett,ScarJo00,6167.0
00-0035282,Easton Stick,SticEa00,6185.0
00-0035283,Clayton Thorson,ThorCl00,6147.0
00-0035287,KeeSean Johnson,JohnKe07,5962.0
00-0035289,Gardner Minshew,MinsGa00,6011.0
00-0035291,Trayveon Williams,WillTr06,6144.0
00-0035296,Marcus Green,GreeMa02,6288.0
00-0035297,Kelvin Harmon,HarmKe00,5884.0
00-0035298,Scott Miller,MillSc01,6290.0
00-0035299,Rodney Anderson,AndeRo02,5918.0
00-0035303,Mike Weber,WebeMi00,6159.0
00-0035304,Cullen Gillaspia,GillCu00,6293.0
00-0035308,Tommy Sweeney,SweeTo00,6137.0
00-0035309,Alize Mack,MackAl00,5975.0
00-0035310,Chandler Cox,CoxxCh01,6298.0
00-0035311,Myles Gaskin,GaskMy00,5980.0
00-0035313,Terry Godwin,GodwTe00,5977.0
00-0035320,Caleb Wilson,WilsCa00,6142.0
00-0035322,Nate Becker,BeckNa00,3575.0
00-0035325,Jonathan Duhart,DuhaJo00,3396.0
00-0035329,Donald Parham,ParhDo00,6074.0
00-0035341,Trenton Irwin,IrwiTr00,6598.0
00-0035342,Patrick Laird,LairPa00,6311.0
00-0035345,Chris Myarick,MyarCh00,6529.0
00-0035350,Preston Williams,WillPr01,6148.0
00-0035353,Nick Easley,EaslNi00,6227.0
00-0035356,Tyree Jackson,JackTy00,6040.0
00-0035359,David Sills,SillDa01,6154.0
00-0035361,Tyre Brady,BradTy00,6049.0
00-0035366,Raphael Leonard,,3437.0
00-0035367,Carson Meier,MeieCa00,3440.0
00-0035374,Michael Walker,WalkMi00,6363.0
00-0035376,Papi White,WhitPa02,3439.0
00-0035385,DeAndre Thompkins,,6540.0
00-0035394,Jake Dolegala,DoleJa00,6317.0
00-0035396,Jordan Ellis,ElliJo01,6318.0
00-0035399,Stanley Morgan,MorgSt02,6069.0
00-0035401,Damion Willis,WillDa11,6549.0
00-0035406,Lil'Jordan Humphrey,HumpLi01,5938.0
00-0035414,Jalen Guyton,GuytJa01,6421.0
00-0035417,Jon'Vea Johnson,JohnJo08,6420.0
00-0035427,Jeremy Cox,CoxxJe00,6246.0
00-0035428,Daniel Helm,HelmDa00,6089.0
00-0035432,Jason Moore,MoorJa02,6247.0
00-0035436,Matt Sokol,SokoMa00,6233.0
00-0035438,Trevion Thompson,ThomTr02,3339.0
00-0035442,Elijah Holyfield,HolyEl00,5919.0
00-0035443,Damion Jeanpiere,JeanDa00,3442.0
00-0035448,Damarea Crockett,CrocDa01,6334.0
00-0035450,Johnnie Dixon,DixoJo00,6019.0
00-0035454,Karan Higdon,HigdKa00,5976.0
00-0035457,Tyron Johnson,JohnTy03,6063.0
00-0035460,Stephen Louis,,3417.0
00-0035467,Bruce Anderson,AndeBr00,
00-0035471,Nick Fitzgerald,FitzNi00,3640.0
00-0035474,Anthony Johnson,JohnAn00,5929.0
00-0035475,DaMarkus Lodge,LodgDa00,6017.0
00-0035478,Isaiah Searight,SearIs00,3650.0
00-0035479,Cortrelle Simpson,SimpCo00,3639.0
00-0035480,Malik Taylor,TaylMa01,6239.0
00-0035483,Drew Anderson,AndeDr01,6371.0
00-0035484,Drew Belcher,BelcDr00,3446.0
00-0035489,Wes Hills,HillWe00,6115.0
00-0035491,A.J. Richardson,,6373.0
00-0035494,Xavier Turner,TurnXa00,6372.0
00-0035500,Greg Dortch,DortGr01,5970.0
00-0035505,Jalin Moore,MoorJa01,5961.0
00-0035510,Jeff Smith,SmitJe03,6557.0
00-0035512,Alex Barnes,BarnAl01,3153.0
00-0035520,Anthony Ratliff-Williams,RatlAn00,5984.0
00-0035524,Isaac Zico,,3655.0
00-0035527,Andy Isabella,IsabAn00,5915.0
00-0035529,Hakeem Butler,ButlHa00,5886.0
00-0035535,Darius Slayton,SlayDa01,6149.0
00-0035537,Ty Johnson,JohnTy02,6039.0
00-0035539,Isaac Nauta,NautIs00,5957.0
00-0035544,Tom Kennedy,KennTo01,6588.0
00-0035547,Jody Fortson,FortJo01,6665.0
00-0035548,Ventell Bryant,BryaVe00,6628.0
00-0035551,Tony Brooks-James,BrooTo01,6585.0
00-0035552,Michael Colubiale,,3626.0
00-0035553,Charles Jones,JoneCh10,6591.0
00-0035559,Moral Stephens,,
00-0035562,Jesper Horsted,HorsJe00,6075.0
00-0035567,Craig Reynolds,ReynCr00,6659.0
00-0035569,Dontae Strickland,,3628.0
00-0035570,Jalan McClendon,,
00-0035572,Parker Hesse,HessPa00,6662.0
00-0035577,Devlin Hodges,HodgDe00,6595.0
00-0035583,A.J. Ouellette,,3684.0
00-0035587,Spencer Schnell,SchnSp00,6593.0
00-0035589,Gary Jennings,JennGa00,6045.0
00-0035590,Riley Ridley,RidlRi00,5873.0
00-0035592,Travis Fulgham,FulgTr00,6059.0
00-0035593,Juwann Winfree,WinfJu00,6223.0
00-0035594,Travis Homer,HomeTr00,6012.0
00-0035596,Kerrith Whyte,WhytKe00,6175.0
00-0035597,John Ursua,UrsuJo00,6168.0
00-0035601,Joe Horn,HornJo00,3705.0
00-0035602,Alex Bachman,BachAl00,6386.0
00-0035603,Kendall Blanton,BlanKe01,6081.0
00-0035604,Romello Brooker,,3457.0
00-0035605,Keenen Brown,BrowKe03,3458.0
00-0035606,Matt Colburn,,3454.0
00-0035610,Jalen Greene,,3702.0
00-0035614,Johnathan Lloyd,,3461.0
00-0035621,Nsimba Webster,WebsNs00,6387.0
00-0035624,N'Keal Harry,HarrNK00,5878.0
00-0035628,D'Ernest Johnson,JohnDE04,6694.0
00-0035631,Drew Sample,SampDr00,6001.0
00-0035635,Floyd Allen,,3709.0
00-0035639,Parris Campbell,CampPa00,5880.0
00-0035640,D.K. Metcalf,MetcDK00,5846.0
00-0035644,Noah Fant,FantNo00,5857.0
00-0035645,Gunner Olszewski,OlszGu00,6699.0
00-0035652,Ryan Finley,FinlRy00,5885.0
00-0035657,Damien Harris,HarrDa06,5890.0
00-0035658,Taj McGowan,McGoTa00,3712.0
00-0035659,Terry McLaurin,McLaTe00,5927.0
00-0035660,Kahale Warring,WarrKa00,6164.0
00-0035662,Marquise Brown,BrowMa04,5848.0
00-0035664,Darrell Henderson,HendDa00,5916.0
00-0035671,Jace Sternberger,SterJa00,6139.0
00-0035676,A.J. Brown,BrowAJ00,5859.0
00-0035685,David Montgomery,MontDa01,5892.0
00-0035689,Dawson Knox,KnoxDa00,5906.0
00-0035691,Josh Caldwell,,6710.0
00-0035700,Josh Jacobs,JacoJo01,5850.0
00-0035701,Marcus Simms,SimmMa01,6712.0
00-0035703,Miles Boykin,BoykMi00,5965.0
00-0035704,Drew Lock,LockDr00,5854.0
00-0035706,Jamarius Way,WayxJa00,3720.0
00-0035710,Daniel Jones,JoneDa05,5870.0
00-0035715,Derrick Gore,GoreDe00,6753.0
00-0035716,Aca'Cedric Ware,WareAc00,3289.0
00-0035719,Deebo Samuel,SamuDe00,5872.0
00-0035723,Vincent Testaverde,,3723.0
00-0035725,Valentine Holmes,HolmVa00,3298.0
00-0035726,Jakob Johnson,JohnJa12,6202.0
00-0035728,Christian Wade,WadeCh01,6196.0
00-0035730,Nyqwan Murray,MurrNy00,3070.0
00-0035732,Jackson Harris,,
00-0035733,Joe Walker,WalkJo01,1330.0
00-0035735,Jordan Ta'amu,TaamJo00,6730.0
00-0035740,Micky Crum,,3729.0
00-0035745,Marquis Young,,
00-0035750,Reggie Begelton,BegeRe00,6763.0
00-0035752,Chris Streveler,StreCh00,6778.0
00-0035756,Darion Clark,ClarDa01,
00-0035760,Jacques Patrick,PatrJa00,6108.0
00-0035769,Scotty Washington,WashSc00,
00-0035771,Mitchell Wilcox,WilcMi00,6894.0
00-0035773,Cam Sutton,,
00-0035782,Juwan Green,GreeJu02,
00-0035786,Jalen McCleskey,McClJa04,7173.0
00-0035787,Jared Pinkney,PinkJa01,6834.0
00-0035789,Chris Rowland,RowlCh00,7175.0
00-0035793,Mikey Daniel,,
00-0035803,Chris Finke,FinkCh00,
00-0035805,Chase Harrell,HarrCh05,
00-0035806,Jamycal Hasty,HastJa02,6996.0
00-0035807,Josh Hokit,HokiJo00,
00-0035812,Case Cookus,CookCa00,
00-0035813,Derrick Dillon,DillDe00,
00-0035817,Kyle Markway,MarkKy00,
00-0035819,Binjimen Victor,VictBi00,6939.0
00-0035823,Ben Ellefson,ElleBe00,7288.0
00-0035825,Tavien Feaster,FeasTa00,7103.0
00-0035826,Josh Hammond,HammJo00,
00-0035831,James Robinson,RobiJa00,6955.0
00-0035834,Marvelle Ross,,
00-0035835,Nathan Cottrell,CottNa00,7466.0
00-0035838,Matt Cole,ColeMa03,7352.0
00-0035844,Kirk Merritt,MerrKi00,7351.0
00-0035847,Bryce Sterk,,
00-0035848,DeMichael Harris,HarrDe09,7279.0
00-0035852,Farrod Green,GreeFa00,
00-0035860,Tony Jones,JoneTo04,6984.0
00-0035864,Kendall Hinton,HintKe00,7210.0
00-0035868,Javon Leake,LeakJa00,
00-0035869,Austin Mack,MackAu01,6873.0
00-0035876,Andre Baccellia,BaccAn00,7233.0
00-0035883,Maurice Ffrench,FfreMa00,7234.0
00-0035887,Kalija Lipscomb,LipsKa00,
00-0035888,Justice Shelton-Mosley,,
00-0035891,Cody White,WhitCo02,7039.0
00-0035898,Darius Bradwell,BradDa00,7316.0
00-0035901,Jeff Cotton,CottJe00,
00-0035905,Bobby Holly,,
00-0035908,Gabe Nabers,NabeGa00,7318.0
00-0035912,LeVante Bellamy,BellLe02,6959.0
00-0035914,Ryan Becker,BeckRy00,
00-0035924,Jonathan Ward,WardJo00,7087.0
00-0035931,Earnest Edwards,,
00-0035934,Trishton Jackson,JackTr01,7009.0
00-0035935,J.J. Koski,,7339.0
00-0035937,Josh Love,,
00-0035939,Bryce Perkins,PerkBr01,7335.0
00-0035947,Omar Bayless,BaylOm00,7080.0
00-0035956,Giovanni Ricci,RiccGi00,7216.0
00-0035957,Rodney Smith,SmitRo05,7101.0
00-0035960,Dalton Schoen,SchoDa01,
00-0035973,Patrick Taylor,TaylPa01,6963.0
00-0035975,Jake Bargas,BargJa00,
00-0035976,Dan Chisena,ChisDa00,7357.0
00-0035978,Quartney Davis,DaviQu02,6879.0
00-0035981,Nakie Griffin-Stewart,,
00-0035987,Aaron Fuller,FullAa00,6967.0
00-0035988,Anthony Gordon,GordAn00,6898.0
00-0035991,Rysen John,JohnRy00,
00-0035993,Tyler Huntley,HuntTy01,7083.0
00-0035996,Manasseh Bailey,BailMa02,
00-0036000,Adrian Killins Jr.,KillAd00,7093.0
00-0036005,Noah Togiai,TogiNo00,7404.0
00-0036006,Mike Warren,WarrMi00,6992.0
00-0036008,Hunter Bryant,BryaHu01,6846.0
00-0036019,JoJo Ward,,
00-0036020,Salvon Ahmed,AhmeSa01,6918.0
00-0036022,Steven Montez,MontSt00,7013.0
00-0036023,Thaddeus Moss,MossTh00,6919.0
00-0036027,Darius Anderson,AndeDa02,7038.0
00-0036032,Sean McKeon,McKeSe01,6964.0
00-0036033,Sewo Olonilua,OlonSe00,7055.0
00-0036034,Aaron Parker,ParkAa00,7091.0
00-0036040,Juwan Johnson,JohnJu02,7002.0
00-0036047,Travis Jonsen,JonsTr00,
00-0036052,Reid Sinnett,SinnRe00,7159.0
00-0036054,Patrick Carr,CarrPa01,
00-0036055,Seth Dawkins,,
00-0036059,Tyler Mabry,MabrTy00,7427.0
00-0036069,Scottie Phillips,PhilSc00,7005.0
00-0036070,Tyler Simmons,SimmTy00,
00-0036071,Dylan Stapleton,,
00-0036074,Michael Dereus,,
00-0036078,Xavier Jones,JoneXa00,7088.0
00-0036080,Easop Winston,WinsEa00,7337.0
00-0036083,Nick Bowers,BoweNi00,7308.0
00-0036086,Rashod Berry,BerrRa01,7459.0
00-0036088,Jake Burt,BurtJa00,
00-0036092,Brian Lewerke,LeweBr00,7008.0
00-0036096,J.J. Taylor,TaylJJ01,6973.0
00-0036098,Jeff Thomas,ThomJe04,
00-0036100,Isaiah Zuber,ZubeIs00,7458.0
00-0036104,John Hurst,HursJo00,
00-0036107,Josh Pearson,PearJo00,
00-0036110,Ja'Marcus Bradley,BradJa01,7244.0
00-0036111,Tony Brown,BrowTo01,7078.0
00-0036112,Kevin Davidson,DaviKe04,
00-0036117,Benny LeMay,LeMaBe00,7048.0
00-0036122,Nate Wieting,WietNa00,
00-0036125,Jaylon Moore,MoorJa03,
00-0036129,Eli Wolf,WolfEl00,7065.0
00-0036133,James Proche,ProcJa00,6957.0
00-0036136,Stephen Guidry,GuidSt00,7462.0
00-0036139,Rico Dowdle,DowdRi01,7021.0
00-0036140,Charlie Taumoepeau,TaumCh00,
00-0036141,Johnathon Johnson,JohnJo11,
00-0036142,Isaiah Wright,WrigIs01,7407.0
00-0036145,Lawrence Cager,CageLa00,7106.0
00-0036146,George Campbell,,
00-0036154,Jacob Breeland,BreeJa00,7015.0
00-0036158,J.K. Dobbins,DobbJK00,6806.0
00-0036165,Isaiah Hodgins,HodgIs00,6920.0
00-0036169,Siaosi Mariner,,
00-0036173,Tommy Hudson,HudsTo00,7439.0
00-0036176,Mason Kinsey,KinsMa00,7436.0
00-0036179,Cameron Scarlett,,
00-0036182,Nick Westbrook,WestNi00,7496.0
00-0036183,Kristian Wilkerson,WilkKr00,7438.0
00-0036187,Reggie Gilliam,GillRe00,7204.0
00-0036188,Antonio Williams,WillAn03,7203.0
00-0036194,Devin Asiasi,AsiaDe00,6956.0
00-0036196,Gabriel Davis,DaviGa01,6943.0
00-0036197,Jake Fromm,FromJa00,6822.0
00-0036208,Artavis Pierce,PierAr00,7227.0
00-0036211,Ahmad Wagner,WagnAh00,
00-0036212,Tua Tagovailoa,TagoTu00,6768.0
00-0036219,Marquez Callaway,CallMa01,6989.0
00-0036223,Jonathan Taylor,TaylJo02,6813.0
00-0036225,Dalton Keene,KeenDa00,7082.0
00-0036226,Jacob Eason,EasoJa00,6823.0
00-0036228,Dezmon Patmon,PatmDe00,6985.0
00-0036232,Harrison Bryant,BryaHa00,6850.0
00-0036233,Donovan Peoples-Jones,PeopDo00,6824.0
00-0036244,Colby Parkinson,ParkCo02,6865.0
00-0036245,Malcolm Perry,PerrMa00,7109.0
00-0036247,Freddie Swain,SwaiFr00,7135.0
00-0036250,Tyler Davis,DaviTy02,7131.0
00-0036251,Zack Moss,MossZa00,6845.0
00-0036252,Michael Pittman,PittMi01,6819.0
00-0036254,Collin Johnson,JohnCo01,6857.0
00-0036255,Denzel Mims,MimsDe00,6849.0
00-0036259,Jauan Jennings,JennJa00,7049.0
00-0036261,Brandon Aiyuk,AiyuBr00,6803.0
00-0036264,Jordan Love,LoveJo03,6804.0
00-0036265,A.J. Dillon,DillAJ00,6828.0
00-0036268,Laviska Shenault,ShenLa00,6814.0
00-0036269,La'Mical Perine,PeriLa00,6908.0
00-0036271,Quez Watkins,WatkQu00,6927.0
00-0036275,D'Andre Swift,SwifDA00,6790.0
00-0036277,Quintez Cephus,CephQu00,6895.0
00-0036278,Jason Huntley,HuntJa01,7107.0
00-0036279,Nate Stanley,StanNa00,6892.0
00-0036290,Cole Kmet,KmetCo00,6826.0
00-0036297,Darrynton Evans,EvanDa02,7064.0
00-0036301,James Morgan,MorgJa00,7081.0
00-0036308,Isaiah Coulter,CoulIs00,7085.0
00-0036309,Darnell Mooney,MoonDa00,7090.0
00-0036312,Jake Luton,LutoJa00,7084.0
00-0036322,Justin Jefferson,JeffJu00,6794.0
00-0036326,Chase Claypool,ClayCh01,6886.0
00-0036328,Antonio Gibson,GibsAn00,6945.0
00-0036331,Devin Duvernay,DuveDe00,6847.0
00-0036332,Josiah Deguara,DeguJo00,7050.0
00-0036336,Anthony McFarland,McFaAn00,6878.0
00-0036340,Antonio Gandy-Golden,GandAn00,6906.0
00-0036345,K.J. Osborn,OsboKJ00,7066.0
00-0036355,Justin Herbert,HerbJu00,6797.0
00-0036357,Henry Ruggs,RuggHe00,6789.0
00-0036358,CeeDee Lamb,LambCe00,6786.0
00-0036360,Clyde Edwards-Helaire,EdwaCl00,6820.0
00-0036364,Lynn Bowden,BowdLy00,6909.0
00-0036365,Bryan Edwards,EdwaBr01,6870.0
00-0036370,Joshua Kelley,KellJo01,7045.0
00-0036377,Joe Reed,ReedJo03,6913.0
00-0036382,K.J. Hill,HillKJ00,6866.0
00-0036383,Eno Benjamin,BenjEn00,6951.0
00-0036384,Ben DiNucci,DiNuBe00,7143.0
00-0036387,Jalen Reagor,ReagJa00,6798.0
00-0036389,Jalen Hurts,HurtJa00,6904.0
00-0036398,John Hightower,HighJo00,7086.0
00-0036407,Jerry Jeudy,JeudJe00,6783.0
00-0036410,Tee Higgins,HiggTe00,6801.0
00-0036412,K.J. Hamler,HamlKJ00,6805.0
00-0036414,Cam Akers,AkerCa00,6938.0
00-0036415,Van Jefferson,JeffVa00,6853.0
00-0036422,Adam Trautman,TrauAd00,6869.0
00-0036423,Albert Okwuegbunam,OkwuAl00,6843.0
00-0036424,Brycen Hopkins,HopkBr01,6926.0
00-0036425,DeeJay Dallas,DallDe00,6931.0
00-0036427,Tyler Johnson,JohnTy00,6960.0
00-0036429,Charlie Woerner,WoerCh00,7075.0
00-0036433,Tommy Stevens,StevTo01,7149.0
00-0036435,Raymond Calais,CalaRa00,6988.0
00-0036438,Stephen Sullivan,SullSt00,6970.0
00-0036439,Tyrie Cleveland,ClevTy00,7032.0
00-0036442,Joe Burrow,BurrJo01,6770.0
00-0036449,Sandro Platzgummer,PlatSa00,7412.0
00-0036450,Ke'Shawn Vaughn,VaugKe00,6885.0
00-0036451,Connor Davis,DaviCo04,
00-0036453,Paul Quessenberry,QuesPa00,7499.0
00-0036454,Pete Guerriero,GuerPe00,
00-0036456,Dominique Dafney,DafnDo00,7502.0
00-0036457,Ty'Son Williams,WillTy01,7098.0
00-0036463,Chris Blair,BlaiCh00,7521.0
00-0036467,Darius Clark,,
00-0036468,Kai Locksley,,
00-0036471,Mathew Sexton,SextMa00,
00-0036474,Sammis Reyes,ReyeSa00,7622.0
00-0036475,Darece Roberson,,
00-0036482,Mike Strachan,StraMi03,7944.0
00-0036489,Nick Guggemos,GuggNi00,
00-0036491,Tarik Black,BlacTa00,8005.0
00-0036493,Deon Jackson,JackDe02,7551.0
00-0036495,Tyler Vaughns,VaugTy00,7548.0
00-0036496,Josh Imatorbhebhe,ImatJo00,
00-0036497,Tim Jones,JoneTi00,8013.0
00-0036510,Kenny Yeboah,YeboKe00,7597.0
00-0036519,Matt Bushman,BushMa00,7992.0
00-0036521,Garrett Groshek,GrosGa00,
00-0036523,Trey Ragas,RagaTr00,7993.0
00-0036526,Dillon Stoner,StonDi00,7996.0
00-0036527,D.J. Turner,TurnDJ00,7989.0
00-0036531,Isaiah McKoy,McKoIs00,
00-0036534,Shane Zylstra,ZylsSh00,8041.0
00-0036536,Tre Nixon,NixoTr01,7546.0
00-0036540,Dylan Soehner,SoehDy00,
00-0036541,Rico Bussey,BussRi00,7901.0
00-0036543,Spencer Brown,BrowSp01,7867.0
00-0036548,Stevie Scott,ScotSt00,7904.0
00-0036549,Kenji Bahar,BahaKe00,
00-0036550,Rashod Bateman,BateRa00,7571.0
00-0036554,Nico Collins,CollNi00,7569.0
00-0036555,Chuba Hubbard,HubbCh01,7594.0
00-0036556,Brevin Jordan,JordBr00,7568.0
00-0036565,Ben Mason,MasoBe00,7808.0
00-0036567,Elijah Mitchell,MitcEl00,7561.0
00-0036569,Gary Brightwell,BrigGa00,7529.0
00-0036571,Marquez Stevenson,StevMa00,7556.0
00-0036572,Shi Smith,SmitSh03,7603.0
00-0036578,Gerrid Doaks,DoakGe00,7539.0
00-0036582,Nate McCrary,McCrNa00,8058.0
00-0036583,Tony Poljan,PoljTo00,7972.0
00-0036590,Quintin Morris,MorrQu00,7536.0
00-0036597,Carl Tucker,TuckCa01,
00-0036598,Landen Akers,AkerLa00,7915.0
00-0036602,Jeremiah Haydel,,
00-0036613,Jaylen Waddle,WaddJa00,7526.0
00-0036620,D'Wayne Eskridge,EskrDW00,7612.0
00-0036626,Dyami Brown,BrowDy00,7587.0
00-0036627,Dez Fitzpatrick,FitzDe00,7729.0
00-0036628,John Bates,BateJo00,7716.0
00-0036630,Tylan Wallace,WallTy00,7595.0
00-0036635,Ihmir Smith-Marsette,SmitIh00,7559.0
00-0036637,Noah Gray,GrayNo00,7828.0
00-0036640,Zach Davidson,DaviZa00,7943.0
00-0036646,Simi Fehoko,FehoSi00,7812.0
00-0036647,Cornell Powell,PoweCo00,7541.0
00-0036650,Larry Rountree,RounLa00,7574.0
00-0036652,Racey McMath,McMaRa00,7793.0
00-0036654,Demetric Felton,FeltDe00,7609.0
00-0036657,Seth Williams,WillSe00,7534.0
00-0036669,Kylin Hill,HillKy00,7572.0
00-0036670,Jermar Jefferson,JeffJe00,7599.0
00-0036671,Dax Milne,MilnDa00,7751.0
00-0036674,Josh Pederson,PedeJo00,
00-0036676,Austin Watkins,WatkAu00,7579.0
00-0036679,Shane Buechele,BuecSh00,8002.0
00-0036685,Tre Harbison,HarbTr00,
00-0036691,Tory Carter,CartTo01,7852.0
00-0036692,Miller Forristall,ForrMi00,7854.0
00-0036696,Briley Moore,,7903.0
00-0036698,Mekhi Sargent,SargMe00,8085.0
00-0036702,Scooter Harrington,,
00-0036706,C.J. Marable,,
00-0036707,Khalil McClain,McClKh00,
00-0036718,Shaun Beyer,BeyeSh00,8018.0
00-0036721,Warren Jackson,JackWa00,7550.0
00-0036727,Adam Prentice,PrenAd00,8025.0
00-0036734,Pooka Williams,WillPo01,7560.0
00-0036741,Jack Stoll,StolJa00,7946.0
00-0036746,Jake Hausmann,HausJa00,8061.0
00-0036750,Javon McKinley,McKiJa01,7890.0
00-0036751,Dedrick Mills,MillDe01,
00-0036753,Sage Surratt,SurrSa00,
00-0036754,Brock Wright,WrigBr01,7891.0
00-0036755,Jaret Patterson,PattJa01,7537.0
00-0036766,Nick Eubanks,EubaNi00,7859.0
00-0036768,Jaquan Hardy,HardJa01,7863.0
00-0036771,Brenden Knox,KnoxBr00,
00-0036772,Artayvious Lynn,LynnAr00,
00-0036773,Osirus Mitchell,MitcOs00,7860.0
00-0036774,Nick Ralston,RalsNi00,7941.0
00-0036775,Brandon Smith,SmitBr04,2865.0
00-0036776,T.J. Vasher,,7862.0
00-0036779,Hunter Kampmoyer,KampHu00,
00-0036782,Damon Hazelton,HazeDa00,7573.0
00-0036787,Bailey Gaither,GaitBa00,
00-0036797,B.J. Emmons,,
00-0036799,Josh Johnson,JohnJo07,8051.0
00-0036804,Connor Wedington,WediCo00,
00-0036806,Cary Angeline,AngeCa00,
00-0036808,Bruno Labelle,,
00-0036810,Cade Johnson,JohnCa03,7956.0
00-0036815,Myron Mitchell,MitcMy00,
00-0036817,Whop Philyor,PhilWh00,
00-0036818,Blake Proehl,ProeBl00,7552.0
00-0036819,A.J. Rose,,7918.0
00-0036825,Feleipe Franks,FranFe00,7531.0
00-0036827,Javian Hawkins,HawkJa01,7563.0
00-0036829,Caleb Huntley,HuntCa02,7741.0
00-0036834,Antonio Nunn,NunnAn00,
00-0036837,John Raine,RainJo00,
00-0036841,Austin Trammell,TramAu00,7746.0
00-0036842,Kene Nwangwu,NwanKe00,7720.0
00-0036849,Tutu Atwell,AtweTu00,7562.0
00-0036857,Chris Evans,EvanCh02,7794.0
00-0036858,Jalen Camp,CampJa03,7789.0
00-0036860,Jake Funk,FunkJa00,7771.0
00-0036862,Ben Skowronek,SkowBe00,7757.0
00-0036875,Rhamondre Stevenson,StevRh00,7611.0
00-0036876,Kylen Granson,GranKy00,7602.0
00-0036877,Jaelon Darden,DardJa00,7713.0
00-0036879,Sam Ehlinger,EhliSa00,7583.0
00-0036887,Luke Farrell,FarrLu00,7842.0
00-0036893,Najee Harris,HarrNa00,7528.0
00-0036894,Pat Freiermuth,FreiPa00,7600.0
00-0036898,Davis Mills,MillDa02,7585.0
00-0036900,Ja'Marr Chase,ChasJa00,7564.0
00-0036906,Khalil Herbert,HerbKh00,7608.0
00-0036907,Dazz Newsome,NewsDa00,7586.0
00-0036910,C.J. Saunders,SaunCJ00,8068.0
00-0036912,DeVonta Smith,SmitDe07,7525.0
00-0036913,Kadarius Toney,ToneKa00,7606.0
00-0036918,Jacob Harris,HarrJa03,7703.0
00-0036919,Kenneth Gainwell,GainKe00,7567.0
00-0036924,Michael Carter,CartMi03,7607.0
00-0036928,Kyle Trask,TrasKy00,7605.0
00-0036929,Ian Book,BookIa00,7589.0
00-0036931,Travis Toivonen,ToivTr00,
00-0036936,Rondale Moore,MoorRo02,7601.0
00-0036939,Kawaan Baker,BakeKa00,7752.0
00-0036945,Justin Fields,FielJu00,7591.0
00-0036946,Kellen Mond,MondKe00,7581.0
00-0036950,Avery Williams,WillAv02,7809.0
00-0036951,Frank Darby,DarbFr00,7530.0
00-0036955,Terrace Marshall,MarsTe00,7565.0
00-0036959,Michael Bandy,BandMi00,8076.0
00-0036963,Amon-Ra St. Brown,StxxAm00,7547.0
00-0036969,Otis Anderson,AndeOt01,
00-0036970,Kyle Pitts,PittKy00,7553.0
00-0036971,Trevor Lawrence,LawrTr00,7523.0
00-0036972,Mac Jones,JoneMa05,7527.0
00-0036973,Travis Etienne,EtieTr00,7543.0
00-0036980,Elijah Moore,MoorEl00,7596.0
00-0036984,Trey Sermon,SermTr00,7593.0
00-0036988,Josh Palmer,PalmJo00,7670.0
00-0036991,Amari Rodgers,RodgAm00,7540.0
00-0036997,Javonte Williams,WillJa10,7588.0
00-0036999,Anthony Schwartz,SchwAn00,7533.0
00-0037004,Hunter Long,LongHu00,7535.0
00-0037005,Tommy Tremble,TremTo00,7694.0
00-0037011,Tre' McKitty,McKiTr00,7554.0
00-0037012,Trey Lance,LancTr00,7610.0
00-0037013,Zach Wilson,WilsZa00,7538.0
00-0037015,Sal Cannella,,
00-0037020,Bernhard Seikovits,SeikBe00,
00-0037022,Michael Jacobson,JacoMi01,
00-0037028,Ryan Willis,WillRy02,
00-0037029,Devonte Dedmon,DedmDe00,
00-0037031,Nikola Kalinic,KaliNi00,8107.0
00-0037032,Brayden Lenius,LeniBr00,
00-0037036,Mark Vital,VitaMa00,
00-0037039,Devon Allen,AlleDe02,8411.0
00-0037042,Dai'Jean Dixon,DixoDa00,
00-0037044,Marcus Santos-Silva,,
00-0037055,Lance McCutcheon,McCuLa01,8745.0
00-0037059,Jamal Pettigrew,,
00-0037063,Grayson Gunter,,
00-0037068,E.J. Perry,,
00-0037071,Lujuan Winningham,,
00-0037077,Sam Howell,HoweSa00,8162.0
00-0037078,Cole Turner,TurnCo00,8214.0
00-0037085,Tyler Badie,BadiTy00,8208.0
00-0037086,Grant Calcaterra,CalcGr00,8177.0
00-0037087,Trestan Ebner,EbneTr00,8189.0
00-0037091,Bo Melton,MeltBo00,8204.0
00-0037093,Dareke Young,YounDa02,8527.0
00-0037098,Samori Toure,TourSa00,8235.0
00-0037100,Chase Allen,AlleCh02,1915.0
00-0037111,Master Teague,TeagMa00,
00-0037112,Jake Tonges,TongJa00,8698.0
00-0037114,Kevin Shaa,,
00-0037115,B.J. Baylor,,8240.0
00-0037119,Danny Davis,DaviDa04,
00-0037120,Tyler Goodson,GoodTy00,8207.0
00-0037131,Kennedy Brooks,BrooKe01,8152.0
00-0037132,Britain Covey,CoveBr00,8414.0
00-0037139,Carson Strong,StroCa00,
00-0037143,Cade Brewer,,
00-0037156,Irvin Charles,CharIr00,8861.0
00-0037157,Zonovan Knight,KnigZo00,8122.0
00-0037159,Keshunn Abram,,
00-0037162,Jequez Ezzard,,
00-0037164,Curtis Hodges,HodgCu00,8192.0
00-0037165,Cole Kelley,KellCo01,
00-0037168,Armani Rogers,RogeAr00,8665.0
00-0037172,Kyric Mcgowan,,8595.0
00-0037173,Slade Bolden,BoldSl00,8191.0
00-0037174,Shemar Bridges,BridSh00,8731.0
00-0037175,Anthony Brown,BrowAn06,8241.0
00-0037176,Trevon Clark,ClarTr00,
00-0037182,Ricky Person,PersRi00,
00-0037183,Makai Polk,PolkMa00,
00-0037185,Raleigh Webb,WebbRa02,8732.0
00-0037187,Devon Williams,WillDe09,
00-0037197,Isiah Pacheco,PachIs00,8205.0
00-0037201,D'Eriq King,,
00-0037209,Dustin Crum,CrumDu00,
00-0037210,Jerrion Ealy,EalyJe00,
00-0037211,Tayon Fleet-Davis,,
00-0037213,Kehinde Oginni,OginKe00,
00-0037216,Justyn Ross,RossJu00,8140.0
00-0037220,De'Montre Tuggle,,
00-0037221,Calvin Jackson,,
00-0037226,Mataeo Durant,,
00-0037228,Jaylen Warren,WarrJa01,8228.0
00-0037231,Kevin Austin,AustKe00,8200.0
00-0037233,Gerrit Prince,PrinGe00,8247.0
00-0037234,John Lovett,LoveJo04,3327.0
00-0037238,Drake London,LondDr00,8112.0
00-0037239,Chris Olave,OlavCh00,8144.0
00-0037240,Jameson Williams,WillJa11,8148.0
00-0037247,George Pickens,PickGe00,8137.0
00-0037248,James Cook,CookJa01,8138.0
00-0037252,Greg Dulcich,DulcGr00,8172.0
00-0037256,Rachaad White,WhitRa01,8136.0
00-0037257,David Bell,BellDa02,8118.0
00-0037258,Dameon Pierce,PierDa01,8129.0
00-0037261,Khalil Shakir,ShakKh00,8134.0
00-0037263,Tyler Allgeier,AllgTy00,8132.0
00-0037265,Snoop Conner,ConnSn00,8179.0
00-0037267,Jerome Ford,FordJe00,8143.0
00-0037272,Montrell Washington,WashMo00,8475.0
00-0037273,Kyle Philips,PhilKy01,8171.0
00-0037276,Ty Chandler,ChanTy01,8230.0
00-0037277,Teagan Quitoriano,QuitTe00,8227.0
00-0037282,James Mitchell,MitcJa00,8170.0
00-0037286,Kevin Harris,HarrKe01,8174.0
00-0037291,Jalen Nailor,NailJa00,8180.0
00-0037292,Andrew Ogletree,OgleAn00,8489.0
00-0037299,Keaontay Ingram,IngrKe01,8221.0
00-0037300,Mike Woods,,
00-0037304,Connor Heyward,HeywCo00,8181.0
00-0037306,John FitzPatrick,FitzJo00,8500.0
00-0037311,Ko Kieft,KiefKo00,8484.0
00-0037317,Nick Muse,MuseNi00,8523.0
00-0037324,Chris Oladokun,OladCh00,8413.0
00-0037327,Skylar Thompson,ThomSk00,8206.0
00-0037329,Brittain Brown,BrowBr06,8423.0
00-0037331,Zander Horvath,HorvZa00,8428.0
00-0037334,Mike Harley,HarlMi00,
00-0037335,Travell Harris,,
00-0037340,Zaire Mitchell-Paden,MitcZa00,
00-0037343,Isaiah Weston,WestIs00,8229.0
00-0037348,Tanner Conner,ConnTa00,
00-0037355,Braylon Sanders,SandBr00,8178.0
00-0037357,Zaquandre White,WhitZa00,
00-0037359,Josh Babicz,BabiJo00,
00-0037360,Davis Cheek,CheeDa00,
00-0037362,Ra'Shaun Henry,HenrRa00,
00-0037365,Andrew Parchment,,
00-0037366,Charleston Rambo,RambCh00,8198.0
00-0037368,Derek Wright,WrigDe00,
00-0037369,Austin Allen,AlleAu00,8215.0
00-0037374,Jeremiah Hall,HallJe00,
00-0037380,Kaden Davis,DaviKa02,
00-0037382,Brandon Johnson,JohnBr23,8756.0
00-0037386,Dylan Parham,ParhDy00,
00-0037387,Jalen Virgil,VirgJa00,8416.0
00-0037389,Max Borghi,BorgMa00,
00-0037390,Jack Coan,CoanJa00,
00-0037391,Kekoa Crawford,,
00-0037394,Ethan Fernea,FernEt00,
00-0037398,Samson Nacua,,
00-0037400,D'vonte Price,,8184.0
00-0037405,C.J. Verdell,,
00-0037409,Michael Young,YounMi00,
00-0037410,Jashaun Corbin,CorbJa01,8194.0
00-0037416,Jaivon Heiligh,HeilJa00,
00-0037419,Shermari Jones,,
00-0037420,Kwamie Lassiter,LassKw20,8435.0
00-0037422,Kendric Pryor,PryoKe00,8783.0
00-0037424,Justin Rigg,RiggJu00,
00-0037425,Jack Sorenson,,
00-0037429,Raheem Blackshear,BlacRa00,8255.0
00-0037434,Neil Pau'u,,
00-0037436,Jalen Wydermyer,WydeJa00,
00-0037437,Greg Bell,BellGr00,
00-0037439,Derrick Deese,DeesDe00,
00-0037442,Joshua Johnson,JohnJo13,942.0
00-0037443,Kalil Pimpleton,PimpKa00,
00-0037444,Corey Sutton,SuttCo01,
00-0037448,Dre Miller,,
00-0037450,Tyreik McAllister,McAlTy00,
00-0037451,Rod Williams,,
00-0037454,Drew Estrada,EstrDr00,
00-0037455,Seth Green,GreeSe00,
00-0037456,Troy Hairston,HairTr00,8820.0
00-0037460,Johnny Johnson,JohnJo12,8185.0
00-0037462,Nolan Givan,,
00-0037465,Trevon Bradford,,
00-0037466,Leddie Brown,BrowLe03,
00-0037467,Erik Krommenhoek,,
00-0037470,Kevin Marks,,
00-0037472,Brandon Peters,,
00-0037475,Stone Smartt,SmarSt00,8583.0
00-0037483,Kaylon Geiger,GeigKa00,
00-0037486,Jerreth Sterns,SterJe00,8236.0
00-0037487,Deven Thompkins,ThomDe07,8253.0
00-0037490,Ben Beise,,
00-0037494,Thomas Hennigan,HennTh01,
00-0037495,Bryant Koback,KobaBr00,8246.0
00-0037501,Kevin Kassis,KassKe00,
00-0037506,Cole Fotheringham,FothCo00,8840.0
00-0037507,Chase Garbers,GarbCh00,8431.0
00-0037508,Justin Hall,,
00-0037509,Sincere McCormick,McCoSi00,8220.0
00-0037523,Taysir Mack,MackTa00,
00-0037524,Tay Martin,MartTa00,8250.0
00-0037525,Jordan Mason,MasoJo00,8408.0
00-0037539,Lucas Krull,KrulLu00,8249.0
00-0037545,Rashid Shaheed,ShahRa00,8676.0
00-0037546,Abram Smith,SmitAb00,8190.0
00-0037553,Jontre Kirklin,KirkJo00,
00-0037555,JaVonta Payton,PaytJa01,
00-0037556,Chris Pierce,PierCh00,
00-0037557,Ronnie Rivers,RiveRo01,8195.0
00-0037563,Malik Davis,DaviMa02,8800.0
00-0037564,Dontario Drummond,DrumDo00,8166.0
00-0037566,Ty Fryfogle,FryfTy00,8196.0
00-0037569,Peyton Hendershot,HendPe01,8197.0
00-0037570,Dennis Houston,HousDe01,8801.0
00-0037574,Jaquarii Roberson,RobeJa02,
00-0037580,Jared Bernhardt,BernJa00,8663.0
00-0037581,Stanley Berryhill,BerrSt00,8419.0
00-0037586,Tyshaun James,,
00-0037594,Julius Chestnut,ChesJu00,8254.0
00-0037599,Brandon Lewis,,
00-0037604,Reggie Roberson,RobeRe00,8175.0
00-0037609,Aaron Shampklin,ShamAa00,
00-0037614,John Metchie,MetcJo00,8147.0
00-0037617,Hassan Haskins,HaskHa00,8123.0
00-0037626,Kameron Brown,,
00-0037629,Jared Scott,ScotJa03,
00-0037630,Keric Wheatfall,WheaKe00,
00-0037631,J.J. Howland,,
00-0037632,Roger Carter,CartRo03,
00-0037641,Willie Johnson,,
00-0037642,Naz Bohannon,,
00-0037646,Tyler Snead,SneaTy00,
00-0037648,Ryan McDaniel,,
00-0037650,Jarrett Guarantano,GuarJa00,
00-0037652,T.J. Pledger,,
00-0037653,Jared Smart,,
00-0037654,Tucker Fisk,FiskTu00,
00-0037664,Alec Pierce,PierAl00,8142.0
00-0037666,Jalen Tolbert,TolbJa00,8117.0
00-0037708,Maurice Alexander,AlexMa00,8921.0
00-0037724,La'Michael Pettway,PettLa00,
00-0037740,Garrett Wilson,WilsGa00,8146.0
00-0037741,Jahan Dotson,DotsJa00,8119.0
00-0037742,Treylon Burks,BurkTr00,8135.0
00-0037744,Trey McBride,McBrTr01,8130.0
00-0037745,Velus Jones,JoneVe00,8223.0
00-0037746,Brian Robinson,RobiBr01,8154.0
00-0037755,Jelani Woods,WoodJe01,8219.0
00-0037801,Kavontae Turpin,TurpKa00,8917.0
00-0037805,Jeremy Ruckert,RuckJe00,8145.0
00-0037809,Chigoziem Okonkwo,OkonCh00,8210.0
00-0037816,Romeo Doubs,DoubRo00,8121.0
00-0037827,Tyrion Davis-Price,DaviTy03,8211.0
00-0037828,Danny Gray,GrayDa02,8176.0
00-0037834,Brock Purdy,PurdBr00,8183.0
00-0037837,Calvin Austin,AustCa00,8125.0
00-0037838,Isaiah Likely,LikeIs00,8131.0
00-0037840,Kyren Williams,WillKy02,8150.0
00-0038040,Zamir White,WhitZa01,8139.0
00-0038041,Jake Ferguson,FergJa00,8110.0
00-0038045,Isaiah Spiller,SpilIs00,8153.0
00-0038046,Charlie Kolar,KolaCh00,8127.0
00-0038090,Skyy Moore,MoorSk01,8168.0
00-0038092,Erik Ezukanma,EzukEr00,8114.0
00-0038098,Pierre Strong,StroPi00,8116.0
00-0038102,Kenny Pickett,PickKe00,8160.0
00-0038104,Tyquan Thornton,ThorTy00,8188.0
00-0038108,Bailey Zappe,ZappBa00,8157.0
00-0038115,Daniel Bellinger,BellDa00,8225.0
00-0038117,Wan'Dale Robinson,RobiWa01,8126.0
00-0038120,Breece Hall,HallBr03,8155.0
00-0038122,Desmond Ridder,RiddDe00,8159.0
00-0038124,Christian Watson,WatsCh00,8167.0
00-0038128,Malik Willis,WillMa12,8161.0
00-0038129,Cade Otton,OttoCa00,8111.0
00-0038132,Matt Corral,CorrMa00,8164.0
00-0038134,Kenneth Walker,WalkKe00,8151.0
00-0038137,Drew Plitt,PlitDr00,8915.0
00-0038145,Thomas Odukoya,OdukTh00,
00-0038147,Daylen Baldwin,BaldDa01,8928.0
00-0038149,Josh Ali,AlixJo00,
00-0038150,Nathan Rourke,RourNa00,8938.0
00-0038156,Clint Ratkovich,RatkCl00,
00-0038181,Lucky Jackson,JackLu00,
00-0038356,Tyler Hudson,HudsTy00,
00-0038359,Xavier Smith,SmitXa00,11168.0
00-0038365,Braxton Burmeister,,
00-0038385,Dresser Winn,WinnDr00,11169.0
00-0038389,Israel Abanikanda,AbanIs00,9227.0
00-0038391,Sean Clifford,ClifSe00,10983.0
00-0038393,Dontayvion Wicks,WickDo00,9486.0
00-0038394,Will Mallory,MallWi00,10220.0
00-0038396,Eric Gray,GrayEr01,10223.0
00-0038397,Evan Hull,HullEv00,9220.0
00-0038400,Tanner McKee,McKeTa01,9230.0
00-0038406,Zack Kuntz,KuntZa00,9483.0
00-0038409,Lew Nichols,NichLe00,9510.0
00-0038416,Tyson Bagent,BageTy00,11256.0
00-0038419,Robert Burns,BurnRo01,
00-0038422,Aron Cruickshank,,
00-0038427,Thyrick Pitts,PittTh00,
00-0038430,Cody Chrest,,
00-0038433,Darius Hagans,,
00-0038434,Johnny King,,
00-0038440,Zavier Scott,ScotZa00,
00-0038447,Dontay Demus,DemuDo00,11382.0
00-0038454,Keaton Mitchell,MitcKe01,9511.0
00-0038455,Sean Ryan,RyanSe00,
00-0038456,Travis Vokolek,VokoTr00,11381.0
00-0038458,Owen Wright,WrigOw00,11384.0
00-0038465,Malik Heath,HeatMa00,11210.0
00-0038467,Camren McDonald,,
00-0038468,Henry Pearson,PearHe00,
00-0038472,Duece Watts,WattDu00,
00-0038476,Tommy DeVito,DeViTo00,11292.0
00-0038477,Bryce Ford-Wheaton,FordBr00,9499.0
00-0038480,Ryan Jones,JoneRy00,
00-0038483,Jadon Haselwood,HaseJa00,9498.0
00-0038484,Joseph Ngata,NgatJo00,11276.0
00-0038488,Brady Russell,RussBr00,11280.0
00-0038492,Jason Brownlee,BrowJa07,11311.0
00-0038495,Travis Dye,DyexTr01,10865.0
00-0038496,Xavier Gipson,GipsXa00,11306.0
00-0038498,E.J. Jenkins,,
00-0038502,T.J. Luther,,
00-0038507,Grant DuBose,,
00-0038518,Deneric Prince,PrinDe00,10870.0
00-0038519,Nikko Remigio,RemiNi00,11320.0
00-0038520,Ty Scott,,
00-0038531,Tyler Adams,,
00-0038532,Kody Case,,
00-0038542,Bijan Robinson,RobiBi01,9509.0
00-0038543,Jaxon Smith-Njigba,SmitJa06,9488.0
00-0038544,Quentin Johnston,JohnQu02,9754.0
00-0038547,Luke Schoonmaker,SchoLu00,10871.0
00-0038550,Hendon Hooker,HookHe00,9998.0
00-0038551,Kendre Miller,MillKe01,9757.0
00-0038555,Tank Bigsby,BigsTa00,9225.0
00-0038558,Darnell Washington,WashDa03,9479.0
00-0038559,Michael Wilson,WilsMi02,10232.0
00-0038563,Tre Tucker,TuckTr00,10213.0
00-0038564,Cameron Latu,LatuCa01,10210.0
00-0038573,Derius Davis,DaviDe02,10234.0
00-0038576,Charlie Jones,JoneCh11,10228.0
00-0038579,Aidan O'Connell,OConAi00,10866.0
00-0038582,Clayton Tune,TuneCl00,10217.0
00-0038583,Dorian Thompson-Robinson,ThomDo02,10862.0
00-0038589,Josh Whyle,WhylJo01,10212.0
00-0038590,Justin Shorter,ShorJu00,9489.0
00-0038597,Chase Brown,BrowCh10,9224.0
00-0038598,Jaren Hall,HallJa00,9231.0
00-0038606,Parker Washington,WashPa01,9487.0
00-0038608,Kayshon Boutte,BoutKa00,9504.0
00-0038611,Chris Rodriguez,RodrCh00,10219.0
00-0038612,A.T. Perry,PerrAT00,10863.0
00-0038614,Scott Matlock,MatlSc00,10994.0
00-0038618,Xavier Hutchinson,HutcXa00,10218.0
00-0038619,Andrei Iosivas,IosiAn00,10226.0
00-0038621,Demario Douglas,DougDe00,9501.0
00-0038622,Deuce Vaughn,VaugDe00,9505.0
00-0038627,Antoine Green,GreeAn00,11053.0
00-0038632,Colton Dowell,DoweCo00,11046.0
00-0038636,Kenny McIntosh,McInKe00,10216.0
00-0038637,Max Duggan,DuggMa00,10233.0
00-0038638,Derek Parish,PariDe00,11038.0
00-0038640,Jalen Brooks,BrooJa03,11034.0
00-0038643,Brayden Willis,WillBr06,10224.0
00-0038647,Ronnie Bell,BellRo01,10221.0
00-0038651,Chase Cota,CotaCh00,11347.0
00-0038656,Mohamed Ibrahim,IbraMo00,10651.0
00-0038658,Adrian Martinez,MartAd00,
00-0038667,Elijah Cooks,CookEl00,11139.0
00-0038671,Jaray Jenkins,JenkJa04,11133.0
00-0038672,Oliver Martin,,
00-0038673,Leonard Taylor,TaylLe01,
00-0038678,Jordan Mims,MimsJo00,11378.0
00-0038679,Tyrell Shavers,ShavTy00,11377.0
00-0038680,Bryan Thompson,ThomBr05,
00-0038681,Jalen Wayne,WaynJa00,
00-0038683,James Blackman,,
00-0038685,Christopher Brooks,BrooCh00,
00-0038687,Chris Coleman,ColeCh01,
00-0038688,Daewood Davis,DaviDa05,
00-0038702,Daniel Arias,AriaDa00,11184.0
00-0038705,Emari Demercado,DemeEm00,11199.0
00-0038706,Joel Honigford,,
00-0038710,Blake Whiteheart,WhitBl01,
00-0038713,Thomas Greaney,GreaTh00,
00-0038714,Hassan Hall,HallHa00,11270.0
00-0038720,Julian Hill,HillJu02,11371.0
00-0038726,Jesse Matthews,MattJe00,
00-0038727,Xazavian Valladay,VallXa00,10861.0
00-0038728,Jared Wayne,WaynJa01,
00-0038730,Jose Barbon,,
00-0038734,David Durden,DurdDa00,11505.0
00-0038735,Princeton Fant,FantPr00,
00-0038738,Hunter Luepke,LuepHu00,11510.0
00-0038740,Jalen Moreno-Cropper,MoreJa01,
00-0038741,John Stephens,StepJo00,
00-0038743,Jordan Byrd,ByrdJo00,
00-0038744,Tanner Morgan,MorgTa00,11214.0
00-0038749,Holton Ahlers,AhleHo00,11216.0
00-0038752,Jake Bobo,BoboJa00,10867.0
00-0038758,Noah Gindorff,GindNo00,11225.0
00-0038759,John Hall,,
00-0038760,Griffin Hebert,HebeGr00,
00-0038762,Matt Landers,LandMa00,10869.0
00-0038763,Tyjon Lindsey,LindTy01,
00-0038777,Camerun Peoples,PeopCa00,10211.0
00-0038780,Josh Vann,VannJo00,
00-0038783,Nate Adkins,AdkiNa00,11433.0
00-0038789,Taylor Grimes,,
00-0038794,Jaleel McLaughlin,McLaJa00,11439.0
00-0038797,Emanuel Wilson,WilsEm00,11435.0
00-0038805,Cephus Johnson,JohnCe00,
00-0038806,Malik Knowles,KnowMa00,
00-0038809,Ben Sims,SimsBe00,11082.0
00-0038810,Thayer Thomas,ThomTh01,
00-0038814,Taye Barber,BarbTa00,
00-0038816,Ronnie Brown,BrowRo05,
00-0038821,Rakim Jarrett,JarrRa00,9495.0
00-0038824,Ryan Miller,MillRy00,
00-0038828,Tanner Taula,TaulTa00,
00-0038829,Kade Warner,,
00-0038830,Kazmeir Allen,AlleKa00,
00-0038831,Zion Bowens,,
00-0038839,Mitchell Tinsley,TinsMi00,11068.0
00-0038840,Brycen Tremayne,TremBr00,
00-0038843,Jacob Copeland,CopeJa00,9503.0
00-0038844,Tre'Shaun Harrison,HarrTr02,
00-0038860,Terrell Bynum,BynuTe00,
00-0038862,Elijah Dotson,DotsEl00,11114.0
00-0038864,Michael Ezeike,EzeiMi00,
00-0038867,Tyler Hoosman,HoosTy00,
00-0038873,Ontaria Wilson,,
00-0038875,Jack Colletto,CollJa04,
00-0038883,Isaiah Winstead,WinsIs00,11232.0
00-0038886,Malachi Carter,CartMa03,
00-0038887,Mac Hippenhammer,,11247.0
00-0038891,Shedrick Jackson,JackSh01,11257.0
00-0038896,Jacob Saylors,SaylJa00,
00-0038897,Christian Trahan,,
00-0038898,Calvin Tyler,,
00-0038902,Shaquan Davis,DaviSh03,11105.0
00-0038904,Malik Flowers,FlowMa01,11192.0
00-0038910,SaRodorick Thompson,ThomSa00,11104.0
00-0038911,Malik Cunningham,CunnMa00,10860.0
00-0038913,Johnny Lumpkin,LumpJo00,
00-0038920,John Samuel Shenker,,
00-0038926,Keilahn Harris,HarrKe02,
00-0038928,Xavier Malone,,
00-0038929,Justin Marshall,,
00-0038930,Carlos Washington,WashCa00,
00-0038933,Dalton Kincaid,KincDa00,10236.0
00-0038935,Brenton Strange,StraBr00,9480.0
00-0038938,Jalin Hyatt,HyatJa00,9497.0
00-0038941,Tyler Scott,ScotTy00,9490.0
00-0038948,Christian Sims,,
00-0038951,Sean Tucker,TuckSe00,9506.0
00-0038953,Dylan Drummond,DrumDy00,11474.0
00-0038954,Izaiah Gathings,GathIz00,
00-0038957,Alfonzo Graham,,11472.0
00-0038962,Gavin Holmes,,
00-0038965,Ellis Merriweather,MerrEl00,11483.0
00-0038969,Kearis Jackson,JackKe02,11099.0
00-0038976,Marvin Mims,MimsMa00,9494.0
00-0038977,Nathaniel Dell,DellNa00,9502.0
00-0038979,Cedric Tillman,TillCe01,10444.0
00-0038994,Jordan Addison,AddiJo00,9756.0
00-0038996,Tucker Kraft,KrafTu00,9484.0
00-0038997,Josh Downs,DownJo00,9500.0
00-0038998,Jake Haener,HaenJa00,10215.0
00-0038999,Jordan Murray,MurrJo00,
00-0039011,Brian Cobbs,,
00-0039021,Roschon Johnson,JohnRo07,10235.0
00-0039022,Jadakis Bonds,BondJa00,
00-0039023,Joel Wilson,WilsJo02,
00-0039032,Tyjae Spears,SpeaTy00,9508.0
00-0039033,Jerome Kapp,,
00-0039040,Devon Achane,AchaDe00,9226.0
00-0039041,Elijah Higgins,HiggEl00,10231.0
00-0039043,Garett Maag,,11528.0
00-0039045,Nick Williams,WillNi01,233.0
00-0039046,DeWayne McBride,McBrDe00,9512.0
00-0039050,Payne Durham,DurhPa00,10227.0
00-0039052,Trey Palmer,PalmTr00,9492.0
00-0039062,Jonathan Mingo,MingJo00,10225.0
00-0039064,Zay Flowers,FlowZa00,9997.0
00-0039065,Sam LaPorta,LaPoSa01,10859.0
00-0039066,Michael Mayer,MayeMi00,9482.0
00-0039067,Rashee Rice,RiceRa01,10229.0
00-0039074,Davis Allen,AlleDa02,10214.0
00-0039075,Puka Nacua,NacuPu00,9493.0
00-0039107,Stetson Bennett,BennSt00,10857.0
00-0039136,Zach Evans,EvanZa00,9222.0
00-0039139,Jahmyr Gibbs,GibbJa01,9221.0
00-0039144,Luke Musgrave,MusgLu00,9481.0
00-0039146,Jayden Reed,ReedJa03,10222.0
00-0039150,Bryce Young,YounBr01,9228.0
00-0039152,Will Levis,LeviWi00,9999.0
00-0039163,C.J. Stroud,StroCJ00,9758.0
00-0039164,Anthony Richardson,RichAn03,9229.0
00-0039165,Zach Charbonnet,CharZa00,9753.0
00-0039168,Milton Wright,,
00-0039170,Wayne Taulapapa,,
00-0039186,Avery Davis,,
00-0039188,Lachlan Pitts,,
00-0039191,Aaron Dykes,,
00-0039228,Louis Rees-Zammit,ReesLo00,11652.0
00-0039230,Dante Miller,MillDa04,11654.0
00-0039231,Patrick Murtagh,,
00-0039236,Johnny Wilson,WilsJo03,11636.0
00-0039238,Michael Pratt,PratMi00,11561.0
00-0039244,Chris Collier,CollCh01,11963.0
00-0039254,Mike Rigerman,,
00-0039255,Tayvion Robinson,RobiTa01,
00-0039256,Riley Sharp,,
00-0039259,Dayton Wade,WadeDa00,11964.0
00-0039261,Isaiah Washington,WashIs00,
00-0039263,McCallan Castles,CastMc00,12070.0
00-0039266,Kendall Milton,MiltKe01,11649.0
00-0039271,Jarveon Howard,,
00-0039275,Messiah Swinson,SwinMe00,
00-0039278,Tyler Harrell,,12029.0
00-0039286,Marcus Riley,RileMa00,
00-0039287,Lincoln Sefcik,,
00-0039298,Hayden Hatten,HattHa00,
00-0039299,George Holani,HolaGe00,12048.0
00-0039302,Kobe Lewis,,
00-0039305,Jack Westover,WestJa01,12045.0
00-0039306,Dee Williams,WillDe11,
00-0039308,TaMerik Williams,,
00-0039311,Emani Bailey,BailEm00,11998.0
00-0039314,Phillip Brooks,,
00-0039316,Baylor Cupp,CuppBa00,
00-0039325,Carson Steele,SteeCa00,11582.0
00-0039329,Julian Hicks,HickJu01,
00-0039330,Dimitri Stanley,,
00-0039331,Emory Jones,JoneEm01,
00-0039334,Andrew Peasley,,12270.0
00-0039336,Jaaron Hayek,,
00-0039337,Malik Nabers,NabeMa00,11632.0
00-0039338,Brock Bowers,BoweBr01,11604.0
00-0039342,Xavier Legette,LegeXa00,11626.0
00-0039344,Jonathon Brooks,BrooJo02,11583.0
00-0039355,Luke McCaffrey,McCaLu00,11650.0
00-0039356,Ja'Tavion Sanders,SandJa01,11600.0
00-0039359,Cade Stover,StovCa00,11599.0
00-0039361,Bucky Irving,IrviBu00,11584.0
00-0039363,Isaac Guerendo,GuerIs00,11651.0
00-0039364,Sione Vaki,VakiSi00,11729.0
00-0039365,Jacob Cowing,CowiJa00,11616.0
00-0039373,Audric Estimé,EstiAu00,11579.0
00-0039376,Spencer Rattler,RattSp00,11562.0
00-0039379,Jamari Thrash,ThraJa01,11633.0
00-0039384,Tyrone Tracy Jr.,TracTy00,11655.0
00-0039385,Keilan Robinson,RobiKe03,11773.0
00-0039386,Bub Means,MeanBu00,11748.0
00-0039391,Kimani Vidal,VidaKi00,11647.0
00-0039392,Jha'Quan Jackson,JackJh00,11808.0
00-0039393,Jase McClellan,McClJa05,11590.0
00-0039394,Casey Washington,WashCa01,11806.0
00-0039397,Tejhaun Palmer,PalmTe00,11802.0
00-0039398,Joe Milton III,MiltJo00,11557.0
00-0039399,Tanner McLachlan,McLaTa00,11598.0
00-0039405,Jawhar Jordan,JordJa00,11588.0
00-0039407,Dylan Laube,LaubDy00,11574.0
00-0039410,Ryan Flournoy,FlouRy00,11783.0
00-0039415,Brenden Rice,RiceBr00,11621.0
00-0039420,Jaheim Bell,BellJa00,11605.0
00-0039424,Devaughn Vele,VeleDe00,11834.0
00-0039437,Cornelius Johnson,JohnCo02,11815.0
00-0039439,Jalon Calhoun,,
00-0039451,Isaiah Williams,WillIs00,11608.0
00-0039452,Isaac Rex,RexxIs00,
00-0039455,Daijun Edwards,EdwaDa02,11857.0
00-0039456,John Rhys Plumlee,,
00-0039458,Brenden Bates,BateBr00,
00-0039462,Peter LeBlanc,,
00-0039464,Austin Reed,ReedAu00,11931.0
00-0039466,Ian Wheeler,WheeIa00,12036.0
00-0039471,Frank Gore Jr.,GoreFr01,11573.0
00-0039473,Xavier Johnson,JohnXa00,11969.0
00-0039474,Lawrence Keys,,
00-0039479,Je'Quan Burton,BurtJe00,
00-0039482,Gavin Hardison,HardGa00,
00-0039489,Hayden Rucci,RuccHa00,
00-0039491,Jalen Coker,CokeJa01,11646.0
00-0039500,Sam Pinckney,PincSa00,
00-0039501,Jack Plummer,PlumJa01,12009.0
00-0039503,Jaden Shirden,ShirJa00,12013.0
00-0039504,Ayir Asante,,
00-0039505,John Jiles,JileJo00,
00-0039511,Ahmarean Brown,BrowAh00,
00-0039516,Aidan Robbins,RobbAi00,12080.0
00-0039518,Treyton Welch,WelcTr00,
00-0039521,Xavier Weaver,WeavXa00,11921.0
00-0039522,Corey Crooms,CrooCo01,
00-0039524,Alec Holler,,
00-0039525,Cam Johnson,JohnCa01,180.0
00-0039529,Nathaniel Peat,,12007.0
00-0039530,Brevyn Spann-Ford,SpanBr00,11593.0
00-0039534,Carter Bradley,BradCa02,11851.0
00-0039536,Jeff Foreman,ForeJe00,
00-0039541,Lideatrick Griffin,GrifLi00,11886.0
00-0039543,Ramel Keyton,KeytRa00,11885.0
00-0039550,Shawn Bowman,BowmSh00,
00-0039552,Joshua Cephus,CephJo00,12114.0
00-0039553,Brevin Easton,,
00-0039554,Jalen Jackson,JackJa04,
00-0039557,Lorenzo Lingard,,
00-0039560,Wayne Ruby,,
00-0039561,Joseph Scates,,
00-0039562,David White Jr.,WhitDa06,12224.0
00-0039573,Blake Watson,WatsBl00,11568.0
00-0039574,Dylan Leonard,,
00-0039575,Jason Bean,BeanJa00,12190.0
00-0039577,Kedon Slovis,SlovKe00,11648.0
00-0039579,Xavier White,,
00-0039581,Trent Pennix,PennTr01,
00-0039589,Kameron Johnson,JohnKa01,11994.0
00-0039591,Latreal Jones,,
00-0039592,Tanner Knue,KnueTa00,
00-0039595,D.J. Williams,WillD.00,11989.0
00-0039597,Zack Annexstad,,
00-0039599,Kevin Foelsch,FoelKe00,
00-0039603,British Brooks,BrooBr01,12171.0
00-0039604,Jadon Janke,,
00-0039605,Jaxon Janke,JankJa00,
00-0039613,Dallin Holker,HolkDa00,11606.0
00-0039614,Jermaine Jackson,JackJe01,
00-0039617,Jacob Kibodi,KiboJa00,
00-0039621,Kyle Sheets,,11901.0
00-0039623,Mason Tipton,TiptMa00,11895.0
00-0039626,Cole Burgess,BurgCo00,12210.0
00-0039627,Noah Cain,,
00-0039629,Elijah Collins,,
00-0039631,Cam Grandy,GranCa00,
00-0039633,Rocky Lombardi,,
00-0039636,Tre Mosley,,
00-0039647,Dillon Johnson,JohnDi02,11580.0
00-0039648,David Martin-Robinson,MartDa01,12357.0
00-0039650,Bryce Oliver,OlivBr02,
00-0039651,Sam Schnee,,
00-0039652,Jabari Small,SmalJa00,12356.0
00-0039654,Steven Stilianos,,
00-0039656,Luke Benson,BensLu00,
00-0039657,Casey Bauman,,
00-0039659,Jaelen Gill,GillJa01,
00-0039661,Zach Heins,,11864.0
00-0039664,Jaylen Johnson,JohnJa07,
00-0039665,Leon Johnson,JohnLe00,2627.0
00-0039677,Sam Hartman,HartSa00,11376.0
00-0039678,Austin Jones,,11947.0
00-0039683,Marcus Rosemy-Jacksaint,RoseMa00,11946.0
00-0039684,Michael Wiley,WileMi00,11943.0
00-0039686,Colson Yankoff,YankCo00,
00-0039687,DeShaun Fenwick,FenwDe00,
00-0039695,Jacob Warren,,
00-0039699,Tanner Mordecai,MordTa00,11924.0
00-0039701,Terique Owens,OwenTe01,11925.0
00-0039702,Mason Pline,PlinMa00,12068.0
00-0039703,Cody Schrader,SchrCo00,11644.0
00-0039708,Devron Harper,,
00-0039709,Ty James,,11906.0
00-0039710,Jeshaun Jones,JoneJe01,
00-0039711,Trey Knox,KnoxTr00,
00-0039722,JaQuae Jackson,JackJa03,
00-0039723,John Paddock,,
00-0039728,Austin Stogner,StogAu00,12212.0
00-0039730,Isaiah Wooden,,11941.0
00-0039732,Bo Nix,NixxBo00,11563.0
00-0039737,Tip Reiman,ReimTi00,11716.0
00-0039738,Blake Corum,CoruBl00,11586.0
00-0039739,Roman Wilson,WilsRo02,11630.0
00-0039746,Will Shipley,ShipWi00,11577.0
00-0039747,Ainias Smith,SmitAi00,11615.0
00-0039751,Jordan Whittington,WhitJo04,11623.0
00-0039754,Devin Culp,CulpDe00,11820.0
00-0039757,Terrell Jennings,JennTe00,
00-0039760,John Jackson,JackJo00,
00-0039766,Ramon Jefferson,,12402.0
00-0039771,Sam Wiglusz,WiglSa00,
00-0039773,Drake Stoops,StooDr00,12133.0
00-0039781,JJ Laap,,
00-0039782,Neal Johnson,JohnNe00,
00-0039785,Hamze El-Zayat,,
00-0039786,Markese Stepp,,
00-0039792,Devontez Walker,WalkDe01,11629.0
00-0039793,AJ Barner,BarnAJ00,11603.0
00-0039794,Braelon Allen,AlleBr05,11576.0
00-0039796,Rasheen Ali,AlixRa00,11570.0
00-0039797,Jordan Travis,TravJo00,11567.0
00-0039798,Isaiah Davis,DaviIs00,11571.0
00-0039801,Devin Leary,LearDe00,11556.0
00-0039810,Jermaine Burton,BurtJe01,11640.0
00-0039811,MarShawn Lloyd,LloyMa00,11581.0
00-0039814,Erick All,AllxEr00,11592.0
00-0039816,Anthony Gould,GoulAn00,11762.0
00-0039824,Jared Wiley,WileJa00,11595.0
00-0039843,Qadir Ismail,IsmaQa01,
00-0039847,Theo Johnson,JohnTh00,11597.0
00-0039848,OJ Hiliare,,
00-0039849,Marvin Harrison Jr.,HarrMa09,11628.0
00-0039851,Drake Maye,MayeDr00,11564.0
00-0039853,Javon Baker,BakeJa00,11645.0
00-0039855,Jalen McMillan,McMiJa01,11618.0
00-0039868,Troy Franklin,FranTr00,11627.0
00-0039869,David Wallis,,12421.0
00-0039874,Jaylen Wright,WrigJa04,11643.0
00-0039875,Ray Davis,DaviRa04,11575.0
00-0039880,Malik Washington,WashMa00,11610.0
00-0039884,Tahj Washington,WashTa00,11821.0
00-0039890,Adonai Mitchell,MitcAd00,11625.0
00-0039891,Derek Slywka,,
00-0039893,Brian Thomas Jr.,ThomBr06,11631.0
00-0039894,Xavier Worthy,WortXa00,11624.0
00-0039901,Keon Coleman,ColeKe02,11637.0
00-0039907,Ja'Lynn Polk,PolkJa00,11619.0
00-0039910,Jayden Daniels,DaniJa02,11566.0
00-0039912,Ben Sinnott,SinnBe00,11596.0
00-0039914,Praise Olatoke,OlatPr00,12370.0
00-0039915,Ladd McConkey,McCoLa00,11635.0
00-0039916,Ricky Pearsall,PearRi00,11638.0
00-0039917,Michael Penix Jr.,PeniMi00,11559.0
00-0039918,Caleb Williams,WillCa03,11560.0
00-0039919,Rome Odunze,OdunRo00,11620.0
00-0039920,Malachi Corley,CorlMa00,11617.0
00-0039921,Trey Benson,BensTr01,11589.0
00-0039923,J.J. McCarthy,McCaJJ00,11565.0
00-0039928,Devin Carter,,
00-0039936,Thomas Yassmin,YassTh00,
00-0039940,Kairee Robinson,,
00-0039941,Geor'Quarius Spivey,,
00-0039942,Mason Fairchild,FairMa00,
00-0039952,Devon Garrison,,
,Darren Andrews,AndrDa01,
